"ORG_PADR_ID","ORG_PADR_SIGLA","ORG_PADR_NOME","ORG_PADR_ID","ORG_PADR_SIGLA","ORG_PADR_NOME","ORGAO_UNIFICADO_ID_ORIGEM","ORGAO_UNIFICADO_SIGLA","ORGAO_UNIFICADO_NOME","ORGAO_UNIFICADO_FONTE"
7,AGU,ADVOCACIA-GERAL DA UNIÃO,7,AGU,ADVOCACIA-GERAL DA UNIÃO,63000,AGU,ADVOCACIA-GERAL DA UNIAO,SIAFI
7,AGU,ADVOCACIA-GERAL DA UNIÃO,7,AGU,ADVOCACIA-GERAL DA UNIÃO,20114,AGU,ADVOCACIA-GERAL DA UNIAO,SIAFI
7,AGU,ADVOCACIA-GERAL DA UNIÃO,7,AGU,ADVOCACIA-GERAL DA UNIÃO,40116,AGU,ADVOCACIA-GERAL DA UNIAO,SIAPE
7,AGU,ADVOCACIA-GERAL DA UNIÃO,7,AGU,ADVOCACIA-GERAL DA UNIÃO,40106,AGU,ADVOCACIA-GERAL DA UNIAO,SIAPE
7,AGU,ADVOCACIA-GERAL DA UNIÃO,7,AGU,ADVOCACIA-GERAL DA UNIÃO,7,AGU,Advocacia-Geral da União,SIORG
8,BCB,BANCO CENTRAL DO BRASIL,213,COAF,Conselho de Controle de Atividades Financeiras,25202,COAF,CONSELHO DE CONTROLE DE ATIVIDADES FINANCEIRAS,SIAPE
8,BCB,BANCO CENTRAL DO BRASIL,213,COAF,Conselho de Controle de Atividades Financeiras,213,COAF,Conselho de Controle de Atividades Financeiras,SIORG
8,BCB,BANCO CENTRAL DO BRASIL,8,BCB,BANCO CENTRAL DO BRASIL,8,BCB,Banco Central do Brasil,SIORG
180,CGU,CONTROLADORIA-GERAL DA UNIÃO,180,CGU,CONTROLADORIA-GERAL DA UNIÃO,37000,CGU,CONTROLADORIA-GERAL DA UNIAO,SIAFI
180,CGU,CONTROLADORIA-GERAL DA UNIÃO,180,CGU,CONTROLADORIA-GERAL DA UNIÃO,59000,CGU,CGU,SIAPE
180,CGU,CONTROLADORIA-GERAL DA UNIÃO,180,CGU,CONTROLADORIA-GERAL DA UNIÃO,180,CGU,Controladoria-Geral da União,SIORG
1,GDF,GOVERNO DO DISTRITO FEDERAL,1,GDF,GOVERNO DO DISTRITO FEDERAL,1,GDF,GOVERNO DO DISTRITO FEDERAL,SIORG
191,MAPA,MINISTÉRIO DA AGRICULTURA E PECUÁRIA,5,EMBRAPA,EMPRESA BRASILEIRA DE PESQUISA AGROPECUÁRIA,22202,EMBRAPA,EMPRESA BRASILEIRA DE PESQUISA AGROPECUARIA,SIAFI
191,MAPA,MINISTÉRIO DA AGRICULTURA E PECUÁRIA,191,MAPA,MINISTÉRIO DA AGRICULTURA E PECUÁRIA,22000,MAPA,MINISTERIO DA AGRICULTURA E PECUARIA,SIAFI
191,MAPA,MINISTÉRIO DA AGRICULTURA E PECUÁRIA,104,CONAB,COMPANHIA NACIONAL DE ABASTECIMENTO,22211,CONAB,COMPANHIA NACIONAL DE ABASTECIMENTO,SIAFI
191,MAPA,MINISTÉRIO DA AGRICULTURA E PECUÁRIA,104,CONAB,COMPANHIA NACIONAL DE ABASTECIMENTO,22200,CONAB,COMPANHIA NACIONAL DE ABASTECIMENTO,SIAPE
191,MAPA,MINISTÉRIO DA AGRICULTURA E PECUÁRIA,191,MAPA,MINISTÉRIO DA AGRICULTURA E PECUÁRIA,13000,MAPA,MINIST DA AGRICULTURA E DO ABASTECIMENTO,SIAPE
191,MAPA,MINISTÉRIO DA AGRICULTURA E PECUÁRIA,191,MAPA,MINISTÉRIO DA AGRICULTURA E PECUÁRIA,13300,MAPA,MINISTERIO DA AGRICULTURA E PECUARIA,SIAPE
191,MAPA,MINISTÉRIO DA AGRICULTURA E PECUÁRIA,104,CONAB,COMPANHIA NACIONAL DE ABASTECIMENTO,104,CONAB,Companhia Nacional de Abastecimento,SIORG
191,MAPA,MINISTÉRIO DA AGRICULTURA E PECUÁRIA,5,EMBRAPA,EMPRESA BRASILEIRA DE PESQUISA AGROPECUÁRIA,5,EMBRAPA,Empresa Brasileira de Pesquisa Agropecuária,SIORG
191,MAPA,MINISTÉRIO DA AGRICULTURA E PECUÁRIA,191,MAPA,MINISTÉRIO DA AGRICULTURA E PECUÁRIA,191,MAPA,Ministério da Agricultura e Pecuária,SIORG
196,MCID,MINISTÉRIO DAS CIDADES,30,CBTU,COMPANHIA BRASILEIRA DE TRENS URBANOS ,29214,CBTU,COMPANHIA BRASILEIRA DE TRENS URBANOS,SIAFI
196,MCID,MINISTÉRIO DAS CIDADES,196,MCID,MINISTÉRIO DAS CIDADES,40200,MCID,MINISTERIO DAS CIDADES,SIAPE
196,MCID,MINISTÉRIO DAS CIDADES,30,CBTU,COMPANHIA BRASILEIRA DE TRENS URBANOS ,29214,CBTU,COMPANHIA BRASILEIRA DE TRENS URBANOS,SIAPE
196,MCID,MINISTÉRIO DAS CIDADES,196,MCID,MINISTÉRIO DAS CIDADES,196,MCID,Ministério das Cidades,SIORG
196,MCID,MINISTÉRIO DAS CIDADES,85,TRENSURB,EMPRESA DE TRENS URBANOS DE PORTO ALEGRE S.A,85,TRENSURB,Empresa de Trens Urbanos de Porto Alegre S.A,SIORG
196,MCID,MINISTÉRIO DAS CIDADES,30,CBTU,COMPANHIA BRASILEIRA DE TRENS URBANOS ,30,CBTU,Companhia Brasileira de Trens Urbanos,SIORG
189,MCOM,MINISTÉRIO DAS COMUNICAÇÕES,121,ANATEL,AGÊNCIA NACIONAL DE TELECOMUNICAÇÕES,41231,ANATEL,AGENCIA NACIONAL DE TELECOMUNICACOES,SIAFI
189,MCOM,MINISTÉRIO DAS COMUNICAÇÕES,121,ANATEL,AGÊNCIA NACIONAL DE TELECOMUNICAÇÕES,41231,ANATEL,AGENCIA NACIONAL DE TELECOMUNICACOES,SIAPE
189,MCOM,MINISTÉRIO DAS COMUNICAÇÕES,189,MCOM,MINISTÉRIO DAS COMUNICAÇÕES,41100,MCOM,MINISTÉRIO DAS COMUNICAÇÕES,SIAPE
189,MCOM,MINISTÉRIO DAS COMUNICAÇÕES,189,MCOM,MINISTÉRIO DAS COMUNICAÇÕES,189,MCOM,Ministério das Comunicações,SIORG
189,MCOM,MINISTÉRIO DAS COMUNICAÇÕES,121,ANATEL,AGÊNCIA NACIONAL DE TELECOMUNICAÇÕES,121,ANATEL,Agência Nacional de Telecomunicações,SIORG
190,MCTI,"MINISTÉRIO DA CIÊNCIA, TECNOLOGIA E INOVAÇÃO",110,AEB,AGÊNCIA ESPACIAL BRASILEIRA,20402,AEB,AGENCIA ESPACIAL BRASILEIRA - AEB,SIAFI
190,MCTI,"MINISTÉRIO DA CIÊNCIA, TECNOLOGIA E INOVAÇÃO",190,MCTI,"MINISTÉRIO DA CIÊNCIA, TECNOLOGIA E INOVAÇÃO",24000,MCTI,"MINISTERIO DA CIENCIA,TECNOLOGIA E INOVAÇÕES",SIAFI
190,MCTI,"MINISTÉRIO DA CIÊNCIA, TECNOLOGIA E INOVAÇÃO",4,CNPQ,CONSELHO NACIONAL DE DESENVOLVIMENTO CIENTÍFICO E TECNOLÓGICO,20501,CNPQ,CONSELHO NACIONAL DE DES.CIENT.E TECNOLOGICO,SIAFI
190,MCTI,"MINISTÉRIO DA CIÊNCIA, TECNOLOGIA E INOVAÇÃO",23,CNEN,COMISSÃO NACIONAL DE ENERGIA NUCLEAR,20301,CNEN,COMISSAO NACIONAL DE ENERGIA NUCLEAR,SIAFI
190,MCTI,"MINISTÉRIO DA CIÊNCIA, TECNOLOGIA E INOVAÇÃO",4,CNPQ,CONSELHO NACIONAL DE DESENVOLVIMENTO CIENTÍFICO E TECNOLÓGICO,40501,CNPQ,CONSELHO NAC.DE DESEN.CIEN.E TECNOLOGICO,SIAPE
190,MCTI,"MINISTÉRIO DA CIÊNCIA, TECNOLOGIA E INOVAÇÃO",110,AEB,AGÊNCIA ESPACIAL BRASILEIRA,21300,AEB,AGENCIA ESPACIAL BRASILEIRA,SIAPE
190,MCTI,"MINISTÉRIO DA CIÊNCIA, TECNOLOGIA E INOVAÇÃO",23,CNEN,COMISSÃO NACIONAL DE ENERGIA NUCLEAR,40301,CNEN,COMISSAO NACIONAL DE ENERGIA NUCLEAR,SIAPE
190,MCTI,"MINISTÉRIO DA CIÊNCIA, TECNOLOGIA E INOVAÇÃO",190,MCTI,"MINISTÉRIO DA CIÊNCIA, TECNOLOGIA E INOVAÇÃO",40108,MCTIC,MINISTERIO DA CIENCIA E TECNOLOGIA,SIAPE
190,MCTI,"MINISTÉRIO DA CIÊNCIA, TECNOLOGIA E INOVAÇÃO",110,AEB,AGÊNCIA ESPACIAL BRASILEIRA,110,AEB,Agência Espacial Brasileira,SIORG
190,MCTI,"MINISTÉRIO DA CIÊNCIA, TECNOLOGIA E INOVAÇÃO",190,MCTI,"MINISTÉRIO DA CIÊNCIA, TECNOLOGIA E INOVAÇÃO",190,MCTI,"Ministério da Ciência, Tecnologia e Inovação",SIORG
190,MCTI,"MINISTÉRIO DA CIÊNCIA, TECNOLOGIA E INOVAÇÃO",23,CNEN,COMISSÃO NACIONAL DE ENERGIA NUCLEAR,23,CNEN,Comissão Nacional de Energia Nuclear,SIORG
190,MCTI,"MINISTÉRIO DA CIÊNCIA, TECNOLOGIA E INOVAÇÃO",4,CNPQ,CONSELHO NACIONAL DE DESENVOLVIMENTO CIENTÍFICO E TECNOLÓGICO,4,CNPQ,Conselho Nacional de Desenvolvimento Científico e Tecnológico,SIORG
138,MD,MINISTÉRIO DA DEFESA,112,FOSORIO,FUNDAÇÃO OSÓRIO,16100,F OSORIO,FUNDACAO OSORIO,SIAPE
138,MD,MINISTÉRIO DA DEFESA,138,MD,MINISTÉRIO DA DEFESA,40105,MD,MINISTERIO DA DEFESA,SIAPE
138,MD,MINISTÉRIO DA DEFESA,90,CFIAE,CAIXA DE FINANCIAMENTO IMOBILIÁRIO DA AERONÁUTICA,21201,CFIA,CAIXA DE FINANCIAMENTO IMOB.AERONAUTICA,SIAPE
138,MD,MINISTÉRIO DA DEFESA,163,COMAER,COMANDO DA AERONÁUTICA,21000,C.AER,MINISTERIO DA AERONAUTICA,SIAPE
138,MD,MINISTÉRIO DA DEFESA,165,MB,COMANDO DA MARINHA,70000,CM,MINISTERIO DA MARINHA,SIAPE
138,MD,MINISTÉRIO DA DEFESA,164,C EX,COMANDO DO EXÉRCITO,16000,C.EX,MINISTERIO DO EXERCITO,SIAPE
138,MD,MINISTÉRIO DA DEFESA,138,MD,MINISTÉRIO DA DEFESA,40115,MD,MINISTERIO DA DEFESA,SIAPE
138,MD,MINISTÉRIO DA DEFESA,164,C EX,COMANDO DO EXÉRCITO,164,C EX,Comando do Exército,SIORG
138,MD,MINISTÉRIO DA DEFESA,112,FOSORIO,FUNDAÇÃO OSÓRIO,112,FOSORIO,Fundação Osório,SIORG
138,MD,MINISTÉRIO DA DEFESA,163,COMAER,COMANDO DA AERONÁUTICA,163,COMAER,Comando da Aeronáutica,SIORG
138,MD,MINISTÉRIO DA DEFESA,90,CFIAE,CAIXA DE FINANCIAMENTO IMOBILIÁRIO DA AERONÁUTICA,90,CFIAE,Caixa de Financiamento Imobiliário da Aeronáutica,SIORG
138,MD,MINISTÉRIO DA DEFESA,138,MD,MINISTÉRIO DA DEFESA,138,MD,Ministério da Defesa,SIORG
138,MD,MINISTÉRIO DA DEFESA,165,MB,COMANDO DA MARINHA,165,MB,Comando da Marinha,SIORG
192,MDA,MINISTÉRIO DO DESENVOLVIMENTO AGRÁRIO E AGRICULTURA FAMILIAR,92,INCRA,INSTITUTO NACIONAL DE COLONIZAÇÃO E REFORMA AGRÁRIA,22201,INCRA,INSTIT. NAC. DE COLONIZACAO E REFORMA AGRARIA,SIAFI
192,MDA,MINISTÉRIO DO DESENVOLVIMENTO AGRÁRIO E AGRICULTURA FAMILIAR,192,MDA,MINISTÉRIO DO DESENVOLVIMENTO AGRÁRIO E AGRICULTURA FAMILIAR,49000,MDA,MINISTERIO DO DESENVOLVIMENTO AGRARIO,SIAFI
192,MDA,MINISTÉRIO DO DESENVOLVIMENTO AGRÁRIO E AGRICULTURA FAMILIAR,92,INCRA,INSTITUTO NACIONAL DE COLONIZAÇÃO E REFORMA AGRÁRIA,42201,INCRA,INSTITUTO NAC. DE COLONIZ E REF AGRARIA,SIAPE
192,MDA,MINISTÉRIO DO DESENVOLVIMENTO AGRÁRIO E AGRICULTURA FAMILIAR,192,MDA,MINISTÉRIO DO DESENVOLVIMENTO AGRÁRIO E AGRICULTURA FAMILIAR,13100,MDA,MIN DO DESENV AGR E AGRIC FAMILIAR,SIAPE
192,MDA,MINISTÉRIO DO DESENVOLVIMENTO AGRÁRIO E AGRICULTURA FAMILIAR,192,MDA,MINISTÉRIO DO DESENVOLVIMENTO AGRÁRIO E AGRICULTURA FAMILIAR,192,MDA,Ministério do Desenvolvimento Agrário e Agricultura Familiar,SIORG
192,MDA,MINISTÉRIO DO DESENVOLVIMENTO AGRÁRIO E AGRICULTURA FAMILIAR,92,INCRA,INSTITUTO NACIONAL DE COLONIZAÇÃO E REFORMA AGRÁRIA,92,INCRA,Instituto Nacional de Colonização e Reforma Agrária,SIORG
203,MDHC,MINISTÉRIO DOS DIREITOS HUMANOS E DA CIDADANIA,203,MDHC,MINISTÉRIO DOS DIREITOS HUMANOS E DA CIDADANIA,81100,MDHC,MIN DOS DIR HUM E DA CIDADANIA,SIAPE
203,MDHC,MINISTÉRIO DOS DIREITOS HUMANOS E DA CIDADANIA,203,MDHC,MINISTÉRIO DOS DIREITOS HUMANOS E DA CIDADANIA,203,MDHC,Ministério dos Direitos Humanos e da Cidadania,SIORG
201,MDIC,"MINISTÉRIO DO DESENVOLVIMENTO, INDÚSTRIA, COMÉRCIO E SERVIÇOS",31,INPI,INSTITUTO NACIONAL DA PROPRIEDADE INDUSTRIAL,30204,INPI,INSTITUTO NAC. DA PROPRIEDADE INDUSTRIAL,SIAFI
201,MDIC,"MINISTÉRIO DO DESENVOLVIMENTO, INDÚSTRIA, COMÉRCIO E SERVIÇOS",19,SUFRAMA,SUPERINTENDÊNCIA DA ZONA FRANCA DE MANAUS,20603,SUFRAMA,SUPERINTENDENCIA DA ZONA FRANCA DE MANAUS,SIAFI
201,MDIC,"MINISTÉRIO DO DESENVOLVIMENTO, INDÚSTRIA, COMÉRCIO E SERVIÇOS",9,INMETRO,"INSTITUTO NACIONAL DE METROLOGIA, QUALIDADE E TECNOLOGIA",30203,INMETRO,INSTIT.NAC. DE METROLOG. QUALID. E TECNOLOGIA,SIAFI
201,MDIC,"MINISTÉRIO DO DESENVOLVIMENTO, INDÚSTRIA, COMÉRCIO E SERVIÇOS",201,MDIC,"MINISTÉRIO DO DESENVOLVIMENTO, INDÚSTRIA, COMÉRCIO E SERVIÇOS",17400,MDIC,MIN DESENVOLV IND COMERCIO E SERVICOS,SIAPE
201,MDIC,"MINISTÉRIO DO DESENVOLVIMENTO, INDÚSTRIA, COMÉRCIO E SERVIÇOS",19,SUFRAMA,SUPERINTENDÊNCIA DA ZONA FRANCA DE MANAUS,40603,SUFRAMA,SUPERINTENDENCIA ZONA FRANCA DE MANAUS,SIAPE
201,MDIC,"MINISTÉRIO DO DESENVOLVIMENTO, INDÚSTRIA, COMÉRCIO E SERVIÇOS",31,INPI,INSTITUTO NACIONAL DA PROPRIEDADE INDUSTRIAL,30204,INPI,INSTITUTO NAC. DA PROPRIEDADE INDUSTRIAL,SIAPE
201,MDIC,"MINISTÉRIO DO DESENVOLVIMENTO, INDÚSTRIA, COMÉRCIO E SERVIÇOS",201,MDIC,"MINISTÉRIO DO DESENVOLVIMENTO, INDÚSTRIA, COMÉRCIO E SERVIÇOS",28000,MDIC,MINIST. DA IND. DO COMERCIO E DO TURISMO,SIAPE
201,MDIC,"MINISTÉRIO DO DESENVOLVIMENTO, INDÚSTRIA, COMÉRCIO E SERVIÇOS",9,INMETRO,"INSTITUTO NACIONAL DE METROLOGIA, QUALIDADE E TECNOLOGIA",30203,INMETRO,"INST.NAC.METROLOGIA,NORM.E QUAL.INDL.",SIAPE
201,MDIC,"MINISTÉRIO DO DESENVOLVIMENTO, INDÚSTRIA, COMÉRCIO E SERVIÇOS",19,SUFRAMA,SUPERINTENDÊNCIA DA ZONA FRANCA DE MANAUS,19,SUFRAMA,Superintendência da Zona Franca de Manaus,SIORG
201,MDIC,"MINISTÉRIO DO DESENVOLVIMENTO, INDÚSTRIA, COMÉRCIO E SERVIÇOS",9,INMETRO,"INSTITUTO NACIONAL DE METROLOGIA, QUALIDADE E TECNOLOGIA",9,INMETRO,"Instituto Nacional de Metrologia, Qualidade e Tecnologia",SIORG
201,MDIC,"MINISTÉRIO DO DESENVOLVIMENTO, INDÚSTRIA, COMÉRCIO E SERVIÇOS",31,INPI,INSTITUTO NACIONAL DA PROPRIEDADE INDUSTRIAL,31,INPI,Instituto Nacional da Propriedade Industrial,SIORG
201,MDIC,"MINISTÉRIO DO DESENVOLVIMENTO, INDÚSTRIA, COMÉRCIO E SERVIÇOS",201,MDIC,"MINISTÉRIO DO DESENVOLVIMENTO, INDÚSTRIA, COMÉRCIO E SERVIÇOS",201,MDIC,"Ministério do Desenvolvimento, Indústria, Comércio e Serviços",SIORG
194,MDS,"MINISTÉRIO DO DESENVOLVIMENTO E ASSISTÊNCIA SOCIAL, FAMÍLIA E COMBATE À FOME",194,MDS,"MINISTÉRIO DO DESENVOLVIMENTO E ASSISTÊNCIA SOCIAL, FAMÍLIA E COMBATE À FOME",55100,MDS,MIN DESENV ASSIS SOCI FAMIL COMBATE FOME,SIAPE
194,MDS,"MINISTÉRIO DO DESENVOLVIMENTO E ASSISTÊNCIA SOCIAL, FAMÍLIA E COMBATE À FOME",194,MDS,"MINISTÉRIO DO DESENVOLVIMENTO E ASSISTÊNCIA SOCIAL, FAMÍLIA E COMBATE À FOME",194,MDS,"Ministério do Desenvolvimento e Assistência Social, Família e Combate à Fome",SIORG
10,MEC,MINISTÉRIO DA EDUCAÇÃO,44,UFF,UNIVERSIDADE FEDERAL FLUMINENSE,26236,UFF,UNIVERSIDADE FEDERAL FLUMINENSE,SIAFI
10,MEC,MINISTÉRIO DA EDUCAÇÃO,40,UFMG,UNIVERSIDADE FEDERAL DE MINAS GERAIS,26238,UFMG,UNIVERSIDADE FEDERAL DE MINAS GERAIS,SIAFI
10,MEC,MINISTÉRIO DA EDUCAÇÃO,50,UFRPE,UNIVERSIDADE FEDERAL RURAL DE PERNAMBUCO,26248,UFRPE,UNIVERSIDADE FEDERAL RURAL DE PERNAMBUCO,SIAFI
10,MEC,MINISTÉRIO DA EDUCAÇÃO,68,UNIFESP,UNIVERSIDADE FEDERAL DE SÃO PAULO,26262,UNIFESP,UNIVERSIDADE FEDERAL DE SAO PAULO,SIAFI
10,MEC,MINISTÉRIO DA EDUCAÇÃO,67,UFLA,UNIVERSIDADE FEDERAL DE LAVRAS,26263,UFLA,UNIVERSIDADE FEDERAL DE LAVRAS,SIAFI
10,MEC,MINISTÉRIO DA EDUCAÇÃO,174,UFCA,UNIVERSIDADE FEDERAL DO CARIRI,26449,UFCA,UNIVERSIDADE FEDERAL DO CARIRI,SIAFI
10,MEC,MINISTÉRIO DA EDUCAÇÃO,171,UFSB,UNIVERSIDADE FEDERAL DO SUL DA BAHIA,26450,UFSB,UNIVERSIDADE FEDERAL DO SUL DA BAHIA,SIAFI
10,MEC,MINISTÉRIO DA EDUCAÇÃO,46,UFSC,UNIVERSIDADE FEDERAL DE SANTA CATARINA,26246,UFSC,UNIVERSIDADE FEDERAL DE SANTA CATARINA,SIAFI
10,MEC,MINISTÉRIO DA EDUCAÇÃO,45,UFPR,UNIVERSIDADE FEDERAL DO PARANÁ,26241,UFPR,UNIVERSIDADE FEDERAL DO PARANA,SIAFI
10,MEC,MINISTÉRIO DA EDUCAÇÃO,111,UFGD,FUNDAÇÃO UNIVERSIDADE FEDERAL DA GRANDE DOURADOS,26350,UFGD,FUNDACAO UNIVERSIDADE FED. DA GRANDE DOURADOS,SIAFI
10,MEC,MINISTÉRIO DA EDUCAÇÃO,86,UFCSPA,FUNDAÇÃO UNIVERSIDADE FEDERAL DE CIÊNCIAS DA SAÚDE DE PORTO ALEGRE,26284,UFCSPA,FUN.UNIV.FED.DE CIENCIAS DA SAUDE DE P.ALEGRE,SIAFI
10,MEC,MINISTÉRIO DA EDUCAÇÃO,13,FNDE,FUNDO NACIONAL DE DESENVOLVIMENTO DA EDUCAÇÃO,26298,FNDE,FUNDO NACIONAL DE DESENVOLVIMENTO DA EDUCACAO,SIAFI
10,MEC,MINISTÉRIO DA EDUCAÇÃO,100,UFRB,UNIVERSIDADE FEDERAL DO RECÔNCAVO DA BAHIA,26351,UFRB,UNIVERSIDADE FEDERAL DO RECONCAVO DA BAHIA,SIAFI
10,MEC,MINISTÉRIO DA EDUCAÇÃO,133,IF BAIANO,"INSTITUTO FEDERAL DE EDUCAÇÃO, CIÊNCIA E TECNOLOGIA BAIANO",26404,IF BAIANO,"INST.FED.DE EDUC.,CIENC.E TEC.BAIANO",SIAFI
10,MEC,MINISTÉRIO DA EDUCAÇÃO,35,UFPE,UNIVERSIDADE FEDERAL DE PERNAMBUCO,26242,UFPE,UNIVERSIDADE FEDERAL DE PERNAMBUCO,SIAFI
10,MEC,MINISTÉRIO DA EDUCAÇÃO,34,UFRN,UNIVERSIDADE FEDERAL DO RIO GRANDE DO NORTE,26243,UFRN,UNIVERSIDADE FEDERAL DO RIO GRANDE DO NORTE,SIAFI
10,MEC,MINISTÉRIO DA EDUCAÇÃO,58,UTFPR,UNIVERSIDADE TECNOLÓGICA FEDERAL DO PARANÁ,26258,UTFPR,UNIVERSIDADE TECNOLOGICA FEDERAL DO PARANA,SIAFI
10,MEC,MINISTÉRIO DA EDUCAÇÃO,41,UFJF,UNIVERSIDADE FEDERAL DE JUIZ DE FORA,26237,UFJF,UNIVERSIDADE FEDERAL DE JUIZ DE FORA,SIAFI
10,MEC,MINISTÉRIO DA EDUCAÇÃO,42,UFES,UNIVERSIDADE FEDERAL DO ESPÍRITO SANTO,26234,UFES,UNIVERSIDADE FEDERAL DO ESPIRITO SANTO,SIAFI
10,MEC,MINISTÉRIO DA EDUCAÇÃO,32,UFPA,UNIVERSIDADE FEDERAL DO PARÁ,26239,UFPA,UNIVERSIDADE FEDERAL DO PARA,SIAFI
10,MEC,MINISTÉRIO DA EDUCAÇÃO,48,UFSM,UNIVERSIDADE FEDERAL DE SANTA MARIA,26247,UFSM,UNIVERSIDADE FEDERAL DE SANTA MARIA,SIAFI
10,MEC,MINISTÉRIO DA EDUCAÇÃO,49,UFRRJ,UNIVERSIDADE FEDERAL RURAL DO RIO DE JANEIRO,26249,UFRRJ,UNIVERSIDADE FEDERAL RURAL DO RIO DE JANEIRO,SIAFI
10,MEC,MINISTÉRIO DA EDUCAÇÃO,101,UFRR,FUNDAÇÃO UNIVERSIDADE FEDERAL DE RORAIMA,26250,UFRR,UNIVERSIDADE FEDERAL DE RORAIMA,SIAFI
10,MEC,MINISTÉRIO DA EDUCAÇÃO,166,UFCG,UNIVERSIDADE FEDERAL DE CAMPINA GRANDE,26252,UFCG,UNIVERSIDADE FEDERAL DE CAMPINA GRANDE,SIAFI
10,MEC,MINISTÉRIO DA EDUCAÇÃO,66,UNIFEI,UNIVERSIDADE FEDERAL DE ITAJUBÁ,26261,UNIFEI,UNIVERSIDADE FEDERAL DE ITAJUBA,SIAFI
10,MEC,MINISTÉRIO DA EDUCAÇÃO,16,UNIRIO,UNIVERSIDADE FEDERAL DO ESTADO DO RIO DE JANEIRO,26269,UNIRIO,UNIVERSIDADE FEDERAL DO ESTADO RIO DE JANEIRO,SIAFI
10,MEC,MINISTÉRIO DA EDUCAÇÃO,153,UFOPA,UNIVERSIDADE FEDERAL DO OESTE DO PARÁ,26441,UFOPA,UNIVERSIDADE FEDERAL DO OESTE DO PARA,SIAFI
10,MEC,MINISTÉRIO DA EDUCAÇÃO,43,UFRJ,UNIVERSIDADE FEDERAL DO RIO DE JANEIRO,26245,UFRJ,UNIVERSIDADE FEDERAL DO RIO DE JANEIRO,SIAFI
10,MEC,MINISTÉRIO DA EDUCAÇÃO,63,UFTM,UNIVERSIDADE FEDERAL DO TRIÂNGULO MINEIRO,26254,UFTM,UNIVERSIDADE FEDERAL DO TRIANGULO MINEIRO,SIAFI
10,MEC,MINISTÉRIO DA EDUCAÇÃO,64,UFVJM,UNIVERSIDADE FEDERAL DOS VALES DO JEQUITINHONHA E MUCURI,26255,UFVJM,UNIVERSIDADE FED.VALES JEQUITINHONHA E MUCURI,SIAFI
10,MEC,MINISTÉRIO DA EDUCAÇÃO,12,CAPES,FUNDAÇÃO COORDENAÇÃO DE APERFEIÇOAMENTO DE PESSOAL DE NÍVEL SUPERIOR,26291,CAPES,FUND.COORD.DE APERF.DE PESSOAL NIVEL SUPERIOR,SIAFI
10,MEC,MINISTÉRIO DA EDUCAÇÃO,157,UNIPAMPA,FUNDAÇÃO UNIVERSIDADE FEDERAL DO PAMPA,26266,UNIPAMPA,FUNDACAO UNIVERSIDADE FEDERAL DO PAMPA,SIAFI
10,MEC,MINISTÉRIO DA EDUCAÇÃO,80,FURG,FUNDAÇÃO UNIVERSIDADE FEDERAL DO RIO GRANDE,26273,FURG,UNIVERSIDADE FEDERAL DO RIO GRANDE - FURG,SIAFI
10,MEC,MINISTÉRIO DA EDUCAÇÃO,78,UFV,FUNDAÇÃO UNIVERSIDADE FEDERAL DE VIÇOSA,26282,UFV,UNIVERSIDADE FEDERAL DE VICOSA,SIAFI
10,MEC,MINISTÉRIO DA EDUCAÇÃO,148,UFABC,FUNDAÇÃO UNIVERSIDADE FEDERAL DO ABC,26352,UFABC,FUNDACAO UNIVERSIDADE FEDERAL DO ABC,SIAFI
10,MEC,MINISTÉRIO DA EDUCAÇÃO,65,UNIFAL-MG,UNIVERSIDADE FEDERAL DE ALFENAS,26260,UNIFAL-MG,UNIVERSIDADE FEDERAL DE ALFENAS,SIAFI
10,MEC,MINISTÉRIO DA EDUCAÇÃO,62,UFERSA-RN,UNIVERSIDADE FEDERAL RURAL DO SEMI-ÁRIDO,26264,UFERSA-RN,UNIVERSIDADE FEDERAL RURAL DO SEMI-ARIDO/RN,SIAFI
10,MEC,MINISTÉRIO DA EDUCAÇÃO,170,UNILA,UNIVERSIDADE FEDERAL DA INTEGRAÇÃO LATINO-AMERICANA,26267,UNILA,UNIVERS. FEDERAL DA INTEG. LATINO AMERICANA,SIAFI
10,MEC,MINISTÉRIO DA EDUCAÇÃO,179,UNILAB,UNIVERSIDADE DA INTEGRAÇÃO INTERNACIONAL DA LUSOFONIA AFRO-BRASILEIRA,26442,UNILAB,UNIV.DA INTEG.INTERN.DA LUSOF.AFRO-BRASILEIRA,SIAFI
10,MEC,MINISTÉRIO DA EDUCAÇÃO,173,UFOB,UNIVERSIDADE FEDERAL DO OESTE DA BAHIA,26447,UFOB,UNIVERSIDADE FEDERAL DO OESTE DA BAHIA,SIAFI
10,MEC,MINISTÉRIO DA EDUCAÇÃO,149,UFT,FUNDAÇÃO UNIVERSIDADE FEDERAL DO TOCANTINS,26251,UFT,FUNDACAO UNIVERSIDADE FEDERAL DO TOCANTINS,SIAFI
10,MEC,MINISTÉRIO DA EDUCAÇÃO,61,UFRA,UNIVERSIDADE FEDERAL RURAL DA AMAZÔNIA,26253,UFRA,UNIVERSIDADE FEDERAL RURAL DA AMAZONIA,SIAFI
10,MEC,MINISTÉRIO DA EDUCAÇÃO,36,UFPB,UNIVERSIDADE FEDERAL DA PARAÍBA,26240,UFPB,UNIVERSIDADE FEDERAL DA PARAIBA,SIAFI
10,MEC,MINISTÉRIO DA EDUCAÇÃO,175,UFFS,UNIVERSIDADE FEDERAL DA FRONTEIRA SUL,26440,UFFS,UNIVERSIDADE FEDERAL DA FRONTEIRA SUL,SIAFI
10,MEC,MINISTÉRIO DA EDUCAÇÃO,176,UNIVASF,FUNDAÇÃO UNIVERSIDADE FEDERAL DO VALE DO SÃO FRANCISCO,26230,UNIVASF,FUND.UNIVERSIDADE FEDERAL VALE SAO FRANCISCO,SIAFI
10,MEC,MINISTÉRIO DA EDUCAÇÃO,172,UNIFESSPA,UNIVERSIDADE FEDERAL DO SUL E SUDESTE DO PARÁ,26448,UNIFESSPA,UNIVERSIDADE FEDERAL DO SUL E SUDESTE DO PARA,SIAFI
10,MEC,MINISTÉRIO DA EDUCAÇÃO,182,UFCAT,UNIVERSIDADE FEDERAL DE CATALÃO,26452,UFCAT,UNIVERSIDADE FEDERAL DE CATALAO,SIAFI
10,MEC,MINISTÉRIO DA EDUCAÇÃO,183,UFJ,UNIVERSIDADE FEDERAL DE JATAÍ,26453,UFJ,UNIVERSIDADE FEDERAL DE JATAI,SIAFI
10,MEC,MINISTÉRIO DA EDUCAÇÃO,184,UFR,UNIVERSIDADE FEDERAL DE RONDONÓPOLIS,26454,UFR,UNIVERSIDADE FEDERAL DE RONDONOPOLIS,SIAFI
10,MEC,MINISTÉRIO DA EDUCAÇÃO,185,UFDPAR,UNIVERSIDADE FEDERAL DO DELTA DO PARNAÍBA,26455,UFDPAR,UNIVERSIDADE FEDERAL DO DELTA DO PARNAIBA,SIAFI
10,MEC,MINISTÉRIO DA EDUCAÇÃO,186,UFAPE,UNIVERSIDADE FEDERAL DO AGRESTE DE PERNAMBUCO,26456,UFAPE,UNIVERSIDADE FEDERAL DO AGRESTE DE PERNAMBUCO,SIAFI
10,MEC,MINISTÉRIO DA EDUCAÇÃO,52,IFRN,"INSTITUTO FEDERAL DE EDUCAÇÃO, CIÊNCIA E TECNOLOGIA DO RIO GRANDE DO NORTE",26435,IFRN,IFRN,SIAPE
10,MEC,MINISTÉRIO DA EDUCAÇÃO,172,UNIFESSPA,UNIVERSIDADE FEDERAL DO SUL E SUDESTE DO PARÁ,26448,UNIFESSPA,UNIV. FEDERAL DO SUL E SUDESTE DO PARA,SIAPE
10,MEC,MINISTÉRIO DA EDUCAÇÃO,140,IFFAR,"INSTITUTO FEDERAL DE EDUCAÇÃO, CIÊNCIA E TECNOLOGIA FARROUPILHA",26420,IFFARROUP,IFFARROUP,SIAPE
10,MEC,MINISTÉRIO DA EDUCAÇÃO,132,IFSULMG,"INSTITUTO FEDERAL DE EDUCAÇÃO, CIÊNCIA E TECNOLOGIA DO SUL DE MINAS GERAIS",26412,IFSULMG,IFSULMG,SIAPE
10,MEC,MINISTÉRIO DA EDUCAÇÃO,184,UFR,UNIVERSIDADE FEDERAL DE RONDONÓPOLIS,26454,UFR,UNIVERSIDADE FEDERAL DE RONDONOPOLIS,SIAPE
10,MEC,MINISTÉRIO DA EDUCAÇÃO,174,UFCA,UNIVERSIDADE FEDERAL DO CARIRI,26449,UFCA,UFCA,SIAPE
10,MEC,MINISTÉRIO DA EDUCAÇÃO,53,IFBA,"INSTITUTO FEDERAL DE EDUCAÇÃO, CIÊNCIA E TECNOLOGIA DA BAHIA",26427,IFBA,IFBA,SIAPE
10,MEC,MINISTÉRIO DA EDUCAÇÃO,51,IFPI,"INSTITUTO FEDERAL DE EDUCAÇÃO, CIÊNCIA E TECNOLOGIA DO PIAUÍ",26431,IFPI,IFPI,SIAPE
10,MEC,MINISTÉRIO DA EDUCAÇÃO,185,UFDPAR,UNIVERSIDADE FEDERAL DO DELTA DO PARNAÍBA,26455,UFDPAR,UNIVERSIDADE FEDERAL DO DELTA DO PARNAÍBA,SIAPE
10,MEC,MINISTÉRIO DA EDUCAÇÃO,13,FNDE,FUNDO NACIONAL DE DESENVOLVIMENTO DA EDUCAÇÃO,26106,FNDE,FUNDO NACIONAL DE DESENVOLV. DA EDUCACAO,SIAPE
10,MEC,MINISTÉRIO DA EDUCAÇÃO,58,UTFPR,UNIVERSIDADE TECNOLÓGICA FEDERAL DO PARANÁ,26258,UTFPR,CENTRO FED. DE EDUCACAO TECNOL.DO PARANA,SIAPE
10,MEC,MINISTÉRIO DA EDUCAÇÃO,148,UFABC,FUNDAÇÃO UNIVERSIDADE FEDERAL DO ABC,26352,UFABC,UFABC,SIAPE
10,MEC,MINISTÉRIO DA EDUCAÇÃO,44,UFF,UNIVERSIDADE FEDERAL FLUMINENSE,26236,UFF,UNIVERSIDADE FEDERAL FLUMINENSE,SIAPE
10,MEC,MINISTÉRIO DA EDUCAÇÃO,36,UFPB,UNIVERSIDADE FEDERAL DA PARAÍBA,26240,UFPB,UNIVERSIDADE FEDERAL DA PARAIBA,SIAPE
10,MEC,MINISTÉRIO DA EDUCAÇÃO,116,IF-GOIANO,"INSTITUTO FEDERAL DE EDUCAÇÃO, CIÊNCIA E TECNOLOGIA GOIANO",26407,IFGOIANO,IFGOIANO,SIAPE
10,MEC,MINISTÉRIO DA EDUCAÇÃO,144,IFMG,"INSTITUTO FEDERAL DE EDUCAÇÃO, CIÊNCIA E TECNOLOGIA DE MINAS GERAIS",26409,IFMG,IFMG,SIAPE
10,MEC,MINISTÉRIO DA EDUCAÇÃO,43,UFRJ,UNIVERSIDADE FEDERAL DO RIO DE JANEIRO,26245,UFRJ,UNIVERSIDADE FEDERAL DO RIO DE JANEIRO,SIAPE
10,MEC,MINISTÉRIO DA EDUCAÇÃO,149,UFT,FUNDAÇÃO UNIVERSIDADE FEDERAL DO TOCANTINS,26251,FUFT,FUFT,SIAPE
10,MEC,MINISTÉRIO DA EDUCAÇÃO,65,UNIFAL-MG,UNIVERSIDADE FEDERAL DE ALFENAS,26260,UNIFAL-MG,ESCOLA DE FARM. E ODONTOLOGIA DE ALFENAS,SIAPE
10,MEC,MINISTÉRIO DA EDUCAÇÃO,68,UNIFESP,UNIVERSIDADE FEDERAL DE SÃO PAULO,26262,UNIFESP,UNIVERSIDADE FEDERAL DE SAO PAULO,SIAPE
10,MEC,MINISTÉRIO DA EDUCAÇÃO,67,UFLA,UNIVERSIDADE FEDERAL DE LAVRAS,26263,UFLA,UNIVERSIDADE FEDERAL DE LAVRAS,SIAPE
10,MEC,MINISTÉRIO DA EDUCAÇÃO,16,UNIRIO,UNIVERSIDADE FEDERAL DO ESTADO DO RIO DE JANEIRO,26269,UNIRIO,UNIVERSIDADE DO RIO DE JANEIRO,SIAPE
10,MEC,MINISTÉRIO DA EDUCAÇÃO,74,UNB,FUNDAÇÃO UNIVERSIDADE DE BRASÍLIA,26271,UNB,FUNDACAO UNIVERSIDADE DE BRASILIA,SIAPE
10,MEC,MINISTÉRIO DA EDUCAÇÃO,78,UFV,FUNDAÇÃO UNIVERSIDADE FEDERAL DE VIÇOSA,26282,UFV,UNIVERSIDADE FEDERAL DE VICOSA,SIAPE
10,MEC,MINISTÉRIO DA EDUCAÇÃO,103,FUNREI,FUNDAÇÃO UNIVERSIDADE FEDERAL DE SÃO JOÃO DEL REI,26285,FUNREI,FUND DE ENS SUPERIOR DE SAO JOAO DEL REI,SIAPE
10,MEC,MINISTÉRIO DA EDUCAÇÃO,111,UFGD,FUNDAÇÃO UNIVERSIDADE FEDERAL DA GRANDE DOURADOS,26350,UFGD,UFGD,SIAPE
10,MEC,MINISTÉRIO DA EDUCAÇÃO,211,INES,Instituto Nacional de Educação de Surdos,26104,INES,INSTITUTO NACIONAL DE EDUCACAO DE SURDOS,SIAPE
10,MEC,MINISTÉRIO DA EDUCAÇÃO,11,INEP,INSTITUTO NACIONAL DE ESTUDOS E PESQUISAS EDUCACIONAIS ANÍSIO TEIXEIRA,26107,INEP,INST.NACIONAL DE EST.E PESQ.EDUCACIONAIS,SIAPE
10,MEC,MINISTÉRIO DA EDUCAÇÃO,39,UFG,UNIVERSIDADE FEDERAL DE GOIÁS,26235,UFGO,UNIVERSIDADE FEDERAL DE GOIAS,SIAPE
10,MEC,MINISTÉRIO DA EDUCAÇÃO,166,UFCG,UNIVERSIDADE FEDERAL DE CAMPINA GRANDE,26252,UFCG,UFCG,SIAPE
10,MEC,MINISTÉRIO DA EDUCAÇÃO,61,UFRA,UNIVERSIDADE FEDERAL RURAL DA AMAZÔNIA,26253,UFRA,FACULDADE DE CIENCIAS AGRARIA DO PARA,SIAPE
10,MEC,MINISTÉRIO DA EDUCAÇÃO,57,IFSP,"INSTITUTO FEDERAL DE EDUCAÇÃO, CIÊNCIA E TECNOLOGIA DE SÃO PAULO",26439,IFSP,IFSP,SIAPE
10,MEC,MINISTÉRIO DA EDUCAÇÃO,175,UFFS,UNIVERSIDADE FEDERAL DA FRONTEIRA SUL,26440,UFFS,UFFS,SIAPE
10,MEC,MINISTÉRIO DA EDUCAÇÃO,179,UNILAB,UNIVERSIDADE DA INTEGRAÇÃO INTERNACIONAL DA LUSOFONIA AFRO-BRASILEIRA,26442,UNILAB,UNILAB,SIAPE
10,MEC,MINISTÉRIO DA EDUCAÇÃO,171,UFSB,UNIVERSIDADE FEDERAL DO SUL DA BAHIA,26450,UFESBA,UFESBA,SIAPE
10,MEC,MINISTÉRIO DA EDUCAÇÃO,15,FUNDAJ,FUNDAÇÃO JOAQUIM NABUCO,26292,FJN,FUNDACAO JOAQUIM NABUCO,SIAPE
10,MEC,MINISTÉRIO DA EDUCAÇÃO,139,IFPB,"INSTITUTO FEDERAL DE EDUCAÇÃO, CIÊNCIA E TECNOLOGIA DA PARAÍBA",26417,IFPB,IFPB,SIAPE
10,MEC,MINISTÉRIO DA EDUCAÇÃO,146,IFRS,"INSTITUTO FEDERAL DE EDUCAÇÃO, CIÊNCIA E TECNOLOGIA DO RIO GRANDE DO SUL",26419,IFRS,IFRS,SIAPE
10,MEC,MINISTÉRIO DA EDUCAÇÃO,168,IFAP,"INSTITUTO FEDERAL DE EDUCAÇÃO, CIÊNCIA E TECNOLOGIA DO AMAPÁ",26426,IFAP,IFAP,SIAPE
10,MEC,MINISTÉRIO DA EDUCAÇÃO,176,UNIVASF,FUNDAÇÃO UNIVERSIDADE FEDERAL DO VALE DO SÃO FRANCISCO,26230,UNIVASF,UNIVASF,SIAPE
10,MEC,MINISTÉRIO DA EDUCAÇÃO,32,UFPA,UNIVERSIDADE FEDERAL DO PARÁ,26239,UFPA,UNIVERSIDADE FEDERAL DO PARA,SIAPE
10,MEC,MINISTÉRIO DA EDUCAÇÃO,45,UFPR,UNIVERSIDADE FEDERAL DO PARANÁ,26241,UFPR,UNIVERSIDADE FEDERAL DO PARANA,SIAPE
10,MEC,MINISTÉRIO DA EDUCAÇÃO,47,UFRGS,UNIVERSIDADE FEDERAL DO RIO GRANDE DO SUL,26244,UFRGS/RS,UNIVERSIDADE FED. DO RIO GRANDE DO SUL,SIAPE
10,MEC,MINISTÉRIO DA EDUCAÇÃO,101,UFRR,FUNDAÇÃO UNIVERSIDADE FEDERAL DE RORAIMA,26250,UFRR,UNIVERSIDADE FEDERAL DE RORAIMA,SIAPE
10,MEC,MINISTÉRIO DA EDUCAÇÃO,62,UFERSA-RN,UNIVERSIDADE FEDERAL RURAL DO SEMI-ÁRIDO,26264,UFERSA-RN,ESCOLA SUP. DE AGRICULTURA DE MOSSORO,SIAPE
10,MEC,MINISTÉRIO DA EDUCAÇÃO,76,UFU,UNIVERSIDADE FEDERAL DE UBERLÂNDIA,26274,UFU,FUNDACAO UNIV. FEDERAL DE UBERLANDIA,SIAPE
10,MEC,MINISTÉRIO DA EDUCAÇÃO,102,UNIFAP,FUNDAÇÃO UNIVERSIDADE FEDERAL DO AMAPÁ,26286,UNIFAP,FUNDACAO UNVERSIDADE FEDERAL DO AMAPA,SIAPE
10,MEC,MINISTÉRIO DA EDUCAÇÃO,56,IFG,"INSTITUTO FEDERAL DE EDUCAÇÃO, CIÊNCIA E TECNOLOGIA DE GOIÁS",26429,IFGO,IFGO,SIAPE
10,MEC,MINISTÉRIO DA EDUCAÇÃO,134,IFSERTAOPE,"INSTITUTO FEDERAL DE EDUCAÇÃO, CIÊNCIA E TECNOLOGIA DO SERTÃO PERNAMBUCANO",26430,IFSERTPE,IFSERTPE,SIAPE
10,MEC,MINISTÉRIO DA EDUCAÇÃO,100,UFRB,UNIVERSIDADE FEDERAL DO RECÔNCAVO DA BAHIA,26351,UFRB,UFRB,SIAPE
10,MEC,MINISTÉRIO DA EDUCAÇÃO,37,UFAL,UNIVERSIDADE FEDERAL DE ALAGOAS,26231,UFAL,UNIVERSIDADE FEDERAL DE ALAGOAS,SIAPE
10,MEC,MINISTÉRIO DA EDUCAÇÃO,34,UFRN,UNIVERSIDADE FEDERAL DO RIO GRANDE DO NORTE,26243,UFRN,UNIVERSIDADE FED. DO RIO GRANDE DO NORTE,SIAPE
10,MEC,MINISTÉRIO DA EDUCAÇÃO,49,UFRRJ,UNIVERSIDADE FEDERAL RURAL DO RIO DE JANEIRO,26249,UFRRJ,UNIV. FEDERAL RURAL DO RIO DE JANEIRO,SIAPE
10,MEC,MINISTÉRIO DA EDUCAÇÃO,64,UFVJM,UNIVERSIDADE FEDERAL DOS VALES DO JEQUITINHONHA E MUCURI,26255,UFVJM,FAC FEDERAL DE ODONTOLOGIA DE DIAMANTINA,SIAPE
10,MEC,MINISTÉRIO DA EDUCAÇÃO,170,UNILA,UNIVERSIDADE FEDERAL DA INTEGRAÇÃO LATINO-AMERICANA,26267,UNILA,UNILA,SIAPE
10,MEC,MINISTÉRIO DA EDUCAÇÃO,69,UFAM,FUNDAÇÃO UNIVERSIDADE DO AMAZONAS,26270,FUAM,FUNDACAO UNIVERSIDADE DO AMAZONAS,SIAPE
10,MEC,MINISTÉRIO DA EDUCAÇÃO,75,UFMT,FUNDAÇÃO UNIVERSIDADE FEDERAL DE MATO GROSSO,26276,UFMT,UNIVERSIDADE FEDERAL DE MATO GROSSO,SIAPE
10,MEC,MINISTÉRIO DA EDUCAÇÃO,55,CEFET-RJ,CENTRO FEDERAL DE EDUCAÇÃO TECNOLÓGICA - CELSO SUCKOW DA FONSECA,26256,CEFET/RJ,CENTRO FED. ED. TEC. CELSO S. FONSECA,SIAPE
10,MEC,MINISTÉRIO DA EDUCAÇÃO,66,UNIFEI,UNIVERSIDADE FEDERAL DE ITAJUBÁ,26261,UNIFEI,ESCOLA FEDERAL DE ENGENHARIA DE ITAJUBA,SIAPE
10,MEC,MINISTÉRIO DA EDUCAÇÃO,86,UFCSPA,FUNDAÇÃO UNIVERSIDADE FEDERAL DE CIÊNCIAS DA SAÚDE DE PORTO ALEGRE,26284,UFCSPA,FUND. FAC. FED. CIENC. MED. PORTO ALEGRE,SIAPE
10,MEC,MINISTÉRIO DA EDUCAÇÃO,167,IFAC,"INSTITUTO FEDERAL DE EDUCAÇÃO, CIÊNCIA E TECNOLOGIA DO ACRE",26401,IFAC,IFAC,SIAPE
10,MEC,MINISTÉRIO DA EDUCAÇÃO,150,IFPR,"INSTITUTO FEDERAL DE EDUCAÇÃO, CIÊNCIA E TECNOLOGIA DO PARANÁ",26432,IFPR,IFPR,SIAPE
10,MEC,MINISTÉRIO DA EDUCAÇÃO,35,UFPE,UNIVERSIDADE FEDERAL DE PERNAMBUCO,26242,UFPE,UNIVERSIDADE FEDERAL DE PERNAMBUCO,SIAPE
10,MEC,MINISTÉRIO DA EDUCAÇÃO,46,UFSC,UNIVERSIDADE FEDERAL DE SANTA CATARINA,26246,UFSC,UNIVERSIDADE FEDERAL DE SANTA CATARINA,SIAPE
10,MEC,MINISTÉRIO DA EDUCAÇÃO,63,UFTM,UNIVERSIDADE FEDERAL DO TRIÂNGULO MINEIRO,26254,UFTM,FAC. DE MEDICINA DO TRIANGULO MINEIRO,SIAPE
10,MEC,MINISTÉRIO DA EDUCAÇÃO,125,IFNMG,"INSTITUTO FEDERAL DE EDUCAÇÃO, CIÊNCIA E TECNOLOGIA DO NORTE DE MINAS GERAIS",26410,IFNORTEMG,IFNORTEMG,SIAPE
10,MEC,MINISTÉRIO DA EDUCAÇÃO,141,IFRO,"INSTITUTO FEDERAL DE EDUCAÇÃO, CIÊNCIA E TECNOLOGIA DE RONDÔNIA",26421,IFRO,IFRO,SIAPE
10,MEC,MINISTÉRIO DA EDUCAÇÃO,115,IFS,"INSTITUTO FEDERAL DE EDUCAÇÃO, CIÊNCIA E TECNOLOGIA DE SERGIPE",26423,IFSE,IFSE,SIAPE
10,MEC,MINISTÉRIO DA EDUCAÇÃO,130,IFTO,"INSTITUTO FEDERAL DE EDUCAÇÃO, CIÊNCIA E TECNOLOGIA DO TOCANTINS",26424,IFTO,IFTO,SIAPE
10,MEC,MINISTÉRIO DA EDUCAÇÃO,153,UFOPA,UNIVERSIDADE FEDERAL DO OESTE DO PARÁ,26441,UFOPA,UFOPA,SIAPE
10,MEC,MINISTÉRIO DA EDUCAÇÃO,131,IFES,"INSTITUTO FEDERAL DE EDUCAÇÃO, CIÊNCIA E TECNOLOGIA DO ESPÍRITO SANTO",26406,IFES,IFES,SIAPE
10,MEC,MINISTÉRIO DA EDUCAÇÃO,88,UNIR,FUNDAÇÃO UNIVERSIDADE FEDERAL DE RONDÔNIA,26268,UNIR,FUND. UNIVERSIDADE FEDERAL DE RONDONIA,SIAPE
10,MEC,MINISTÉRIO DA EDUCAÇÃO,109,IFRR,"INSTITUTO FEDERAL DE EDUCAÇÃO, CIÊNCIA E TECNOLOGIA DE RORAIMA",26437,IFRR,IFRR,SIAPE
10,MEC,MINISTÉRIO DA EDUCAÇÃO,183,UFJ,UNIVERSIDADE FEDERAL DE JATAÍ,26453,UFJ,UNIVERSIDADE FEDERAL DE JATAÍ,SIAPE
10,MEC,MINISTÉRIO DA EDUCAÇÃO,188,UFNT,UNIVERSIDADE FEDERAL DO NORTE DO TOCANTINS,26457,UFNT,UNIVERSIDADE FEDERAL NORTE DO TOCANTINS,SIAPE
10,MEC,MINISTÉRIO DA EDUCAÇÃO,10,MEC,MINISTÉRIO DA EDUCAÇÃO,26105,IBC,Instituto Benjamin Constant,SIAPE
10,MEC,MINISTÉRIO DA EDUCAÇÃO,186,UFAPE,UNIVERSIDADE FEDERAL DO AGRESTE DE PERNAMBUCO,26456,UFAPE,UNIVER. FEDERAL DO AGRESTE DE PERNAMBUCO,SIAPE
10,MEC,MINISTÉRIO DA EDUCAÇÃO,157,UNIPAMPA,FUNDAÇÃO UNIVERSIDADE FEDERAL DO PAMPA,26266,UNIPAMPA,UNIPAMPA,SIAPE
10,MEC,MINISTÉRIO DA EDUCAÇÃO,182,UFCAT,UNIVERSIDADE FEDERAL DE CATALÃO,26452,UFCAT,UNIVERSIDADE FEDERAL DE CATALAO,SIAPE
10,MEC,MINISTÉRIO DA EDUCAÇÃO,72,UFPI,FUNDAÇÃO UNIVERSIDADE FEDERAL DO PIAUÍ,26279,UFPI,UNIVERSIDADE FEDERAL DO PIAUI,SIAPE
10,MEC,MINISTÉRIO DA EDUCAÇÃO,79,UFSCAR,FUNDAÇÃO UNIVERSIDADE FEDERAL DE SÃO CARLOS,26280,FUFSCAR,UNIVERSIDADE FEDERAL DE SAO CARLOS,SIAPE
10,MEC,MINISTÉRIO DA EDUCAÇÃO,41,UFJF,UNIVERSIDADE FEDERAL DE JUIZ DE FORA,26237,UFJF,UNIVERSIDADE FEDERAL DE JUIZ DE FORA,SIAPE
10,MEC,MINISTÉRIO DA EDUCAÇÃO,48,UFSM,UNIVERSIDADE FEDERAL DE SANTA MARIA,26247,UFSM/RS,UNIVERSIDADE FEDERAL DE SANTA MARIA,SIAPE
10,MEC,MINISTÉRIO DA EDUCAÇÃO,54,CEFET-MG,CENTRO FEDERAL DE EDUCAÇÃO TECNOLÓGICA DE MINAS GERAIS,26257,CEFET/MG,CENTRO FED. DE EDUC. TECNOLOGICA DE MG,SIAPE
10,MEC,MINISTÉRIO DA EDUCAÇÃO,70,UFAC,FUNDAÇÃO UNIVERSIDADE FEDERAL DO ACRE,26275,UFAC,UNIVERSIDADE FEDERAL DO ACRE,SIAPE
10,MEC,MINISTÉRIO DA EDUCAÇÃO,77,FUFOP,FUNDAÇÃO UNIVERSIDADE FEDERAL DE OURO PRETO,26277,FUFOP,FUNDACAO UNIV. FEDERAL DE OURO PRETO,SIAPE
10,MEC,MINISTÉRIO DA EDUCAÇÃO,12,CAPES,FUNDAÇÃO COORDENAÇÃO DE APERFEIÇOAMENTO DE PESSOAL DE NÍVEL SUPERIOR,26298,CAPES,FUND COORD APERF PESSOAL NIVEL SUPERIOR,SIAPE
10,MEC,MINISTÉRIO DA EDUCAÇÃO,120,IFMA,"INSTITUTO FEDERAL DE EDUCAÇÃO, CIÊNCIA E TECNOLOGIA DO MARANHÃO",26408,IFMA,IFMA,SIAPE
10,MEC,MINISTÉRIO DA EDUCAÇÃO,128,IFSUDMG,"INSTITUTO FEDERAL DE EDUCAÇÃO, CIÊNCIA E TECNOLOGIA DO SUDESTE DE MINAS GERAIS",26411,IFSUDMG,IFSUDMG,SIAPE
10,MEC,MINISTÉRIO DA EDUCAÇÃO,60,IFSUL,"INSTITUTO FEDERAL DE EDUCAÇÃO, CIÊNCIA E TECNOLOGIA SUL-RIO-GRANDENSE",26436,IFSRIOGRAN,IFSRIOGRAN,SIAPE
10,MEC,MINISTÉRIO DA EDUCAÇÃO,59,IFSC,"INSTITUTO FEDERAL DE EDUCAÇÃO, CIÊNCIA E TECNOLOGIA DE SANTA CATARINA",26438,IFSC,IFSC,SIAPE
10,MEC,MINISTÉRIO DA EDUCAÇÃO,145,IFPA,"INSTITUTO FEDERAL DE EDUCAÇÃO, CIÊNCIA E TECNOLOGIA DO PARÁ",26416,IFPA,IFPA,SIAPE
10,MEC,MINISTÉRIO DA EDUCAÇÃO,33,UFC,UNIVERSIDADE FEDERAL DO CEARÁ,26233,UFCE,UNIVERSIDADE FEDERAL DO CEARA,SIAPE
10,MEC,MINISTÉRIO DA EDUCAÇÃO,129,IFTM,"INSTITUTO FEDERAL DE EDUCAÇÃO, CIÊNCIA E TECNOLOGIA DO TRIÂNGULO MINEIRO",26413,IFTRIANMG,IFTRIANMG,SIAPE
10,MEC,MINISTÉRIO DA EDUCAÇÃO,119,IFMT,"INSTITUTO FEDERAL DE EDUCAÇÃO, CIÊNCIA E TECNOLOGIA DE MATO GROSSO",26414,IFMT,IFMT,SIAPE
10,MEC,MINISTÉRIO DA EDUCAÇÃO,114,IFMS,"INSTITUTO FEDERAL DE EDUCAÇÃO, CIÊNCIA E TECNOLOGIA DE MATO GROSSO DO SUL",26415,IFMS,IFMS,SIAPE
10,MEC,MINISTÉRIO DA EDUCAÇÃO,137,IFPE,"INSTITUTO FEDERAL DE EDUCAÇÃO, CIÊNCIA E TECNOLOGIA DE PERNAMBUCO",26418,IFPE,IFPE,SIAPE
10,MEC,MINISTÉRIO DA EDUCAÇÃO,147,IFC,"INSTITUTO FEDERAL DE EDUCAÇÃO, CIÊNCIA E TECNOLOGIA CATARINENSE",26422,IFCATARINA,IFCATARINA,SIAPE
10,MEC,MINISTÉRIO DA EDUCAÇÃO,173,UFOB,UNIVERSIDADE FEDERAL DO OESTE DA BAHIA,26447,UFOB,UFOB,SIAPE
10,MEC,MINISTÉRIO DA EDUCAÇÃO,14,CP II,COLÉGIO PEDRO II,26201,C.PEDROII,COLEGIO PEDRO II,SIAPE
10,MEC,MINISTÉRIO DA EDUCAÇÃO,42,UFES,UNIVERSIDADE FEDERAL DO ESPÍRITO SANTO,26234,UFES,UNIVERSIDADE FEDERAL DO ESPIRITO SANTO,SIAPE
10,MEC,MINISTÉRIO DA EDUCAÇÃO,40,UFMG,UNIVERSIDADE FEDERAL DE MINAS GERAIS,26238,UFMG,UNIVERSIDADE FEDERAL DE MINAS GERAIS,SIAPE
10,MEC,MINISTÉRIO DA EDUCAÇÃO,71,UFMA,FUNDAÇÃO UNIVERSIDADE FEDERAL DO MARANHÃO,26272,FUMA,FUNDACAO UNIVERSIDADE DO MARANHAO,SIAPE
10,MEC,MINISTÉRIO DA EDUCAÇÃO,80,FURG,FUNDAÇÃO UNIVERSIDADE FEDERAL DO RIO GRANDE,26273,FURG,FUNDACAO UNIVERSIDADE DE RIO GRANDE,SIAPE
10,MEC,MINISTÉRIO DA EDUCAÇÃO,143,IFCE,"INSTITUTO FEDERAL DE EDUCAÇÃO, CIÊNCIA E TECNOLOGIA DO CEARÁ",26405,IFCE,IFCE,SIAPE
10,MEC,MINISTÉRIO DA EDUCAÇÃO,169,IFB,"INSTITUTO FEDERAL DE EDUCAÇÃO, CIÊNCIA E TECNOLOGIA DE BRASÍLIA",26428,IFBRASILIA,IFBRASILIA,SIAPE
10,MEC,MINISTÉRIO DA EDUCAÇÃO,117,IFRJ,"INSTITUTO FEDERAL DE EDUCAÇÃO, CIÊNCIA E TECNOLOGIA DO RIO DE JANEIRO",26433,IFRJ,IFRJ,SIAPE
10,MEC,MINISTÉRIO DA EDUCAÇÃO,154,IFF,"INSTITUTO FEDERAL DE EDUCAÇÃO, CIÊNCIA E TECNOLOGIA FLUMINENSE",26434,IFFLU,IFFLU,SIAPE
10,MEC,MINISTÉRIO DA EDUCAÇÃO,81,UFPEL,FUNDAÇÃO UNIVERSIDADE FEDERAL DE PELOTAS,26278,FUFPEL,FUNDACAO UNIVERSIDADE FEDERAL DE PELOTAS,SIAPE
10,MEC,MINISTÉRIO DA EDUCAÇÃO,73,UFS,FUNDAÇÃO UNIVERSIDADE FEDERAL DE SERGIPE,26281,FUFS,FUNDACAO UNIVERSIDADE FEDERAL DE SERGIPE,SIAPE
10,MEC,MINISTÉRIO DA EDUCAÇÃO,83,UFMS,FUNDAÇÃO UNIVERSIDADE FEDERAL DE MATO GROSSO DO SUL,26283,UFMS,UNIV. FEDERAL DE MATO GROSSO DO SUL,SIAPE
10,MEC,MINISTÉRIO DA EDUCAÇÃO,50,UFRPE,UNIVERSIDADE FEDERAL RURAL DE PERNAMBUCO,26248,UFRPE,UNIVERSIDADE FEDERAL RURAL DE PERNAMBUCO,SIAPE
10,MEC,MINISTÉRIO DA EDUCAÇÃO,142,IFAM,"INSTITUTO FEDERAL DE EDUCAÇÃO, CIÊNCIA E TECNOLOGIA DO AMAZONAS",26403,IFAM,IFAM,SIAPE
10,MEC,MINISTÉRIO DA EDUCAÇÃO,113,IFAL,"INSTITUTO FEDERAL DE EDUCAÇÃO, CIÊNCIA E TECNOLOGIA DE ALAGOAS",26402,IFAL,IFAL,SIAPE
10,MEC,MINISTÉRIO DA EDUCAÇÃO,133,IF BAIANO,"INSTITUTO FEDERAL DE EDUCAÇÃO, CIÊNCIA E TECNOLOGIA BAIANO",26404,IFBAIANO,IFBAIANO,SIAPE
10,MEC,MINISTÉRIO DA EDUCAÇÃO,10,MEC,MINISTÉRIO DA EDUCAÇÃO,15000,MEC,MINISTERIO DA EDUCACAO E DO DESPORTO,SIAPE
10,MEC,MINISTÉRIO DA EDUCAÇÃO,38,UFBA,UNIVERSIDADE FEDERAL DA BAHIA,26232,UFBA,UNIVERSIDADE FEDERAL DA BAHIA,SIAPE
10,MEC,MINISTÉRIO DA EDUCAÇÃO,10,MEC,MINISTÉRIO DA EDUCAÇÃO,10,MEC,Ministério da Educação,SIORG
10,MEC,MINISTÉRIO DA EDUCAÇÃO,211,INES,Instituto Nacional de Educação de Surdos,211,INES,Instituto Nacional de Educação de Surdos,SIORG
10,MEC,MINISTÉRIO DA EDUCAÇÃO,10,MEC,MINISTÉRIO DA EDUCAÇÃO,212,IBC,Instituto Benjamin Constant,SIORG
10,MEC,MINISTÉRIO DA EDUCAÇÃO,13,FNDE,FUNDO NACIONAL DE DESENVOLVIMENTO DA EDUCAÇÃO,13,FNDE,Fundo Nacional de Desenvolvimento da Educação,SIORG
10,MEC,MINISTÉRIO DA EDUCAÇÃO,11,INEP,INSTITUTO NACIONAL DE ESTUDOS E PESQUISAS EDUCACIONAIS ANÍSIO TEIXEIRA,11,INEP,Instituto Nacional de Estudos e Pesquisas Educacionais Anísio Teixeira,SIORG
10,MEC,MINISTÉRIO DA EDUCAÇÃO,14,CP II,COLÉGIO PEDRO II,14,CP II,Colégio Pedro II,SIORG
10,MEC,MINISTÉRIO DA EDUCAÇÃO,176,UNIVASF,FUNDAÇÃO UNIVERSIDADE FEDERAL DO VALE DO SÃO FRANCISCO,176,UNIVASF,Fundação Universidade Federal do Vale do São Francisco,SIORG
10,MEC,MINISTÉRIO DA EDUCAÇÃO,37,UFAL,UNIVERSIDADE FEDERAL DE ALAGOAS,37,UFAL,Universidade Federal de Alagoas,SIORG
10,MEC,MINISTÉRIO DA EDUCAÇÃO,38,UFBA,UNIVERSIDADE FEDERAL DA BAHIA,38,UFBA,Universidade Federal da Bahia,SIORG
10,MEC,MINISTÉRIO DA EDUCAÇÃO,33,UFC,UNIVERSIDADE FEDERAL DO CEARÁ,33,UFC,Universidade Federal do Ceará,SIORG
10,MEC,MINISTÉRIO DA EDUCAÇÃO,42,UFES,UNIVERSIDADE FEDERAL DO ESPÍRITO SANTO,42,UFES,Universidade Federal do Espírito Santo,SIORG
10,MEC,MINISTÉRIO DA EDUCAÇÃO,39,UFG,UNIVERSIDADE FEDERAL DE GOIÁS,39,UFG,Universidade Federal de Goiás,SIORG
10,MEC,MINISTÉRIO DA EDUCAÇÃO,44,UFF,UNIVERSIDADE FEDERAL FLUMINENSE,44,UFF,Universidade Federal Fluminense,SIORG
10,MEC,MINISTÉRIO DA EDUCAÇÃO,41,UFJF,UNIVERSIDADE FEDERAL DE JUIZ DE FORA,41,UFJF,Universidade Federal de Juiz de Fora,SIORG
10,MEC,MINISTÉRIO DA EDUCAÇÃO,40,UFMG,UNIVERSIDADE FEDERAL DE MINAS GERAIS,40,UFMG,Universidade Federal de Minas Gerais,SIORG
10,MEC,MINISTÉRIO DA EDUCAÇÃO,32,UFPA,UNIVERSIDADE FEDERAL DO PARÁ,32,UFPA,Universidade Federal do Pará,SIORG
10,MEC,MINISTÉRIO DA EDUCAÇÃO,36,UFPB,UNIVERSIDADE FEDERAL DA PARAÍBA,36,UFPB,Universidade Federal da Paraíba,SIORG
10,MEC,MINISTÉRIO DA EDUCAÇÃO,45,UFPR,UNIVERSIDADE FEDERAL DO PARANÁ,45,UFPR,Universidade Federal do Paraná,SIORG
10,MEC,MINISTÉRIO DA EDUCAÇÃO,35,UFPE,UNIVERSIDADE FEDERAL DE PERNAMBUCO,35,UFPE,Universidade Federal de Pernambuco,SIORG
10,MEC,MINISTÉRIO DA EDUCAÇÃO,34,UFRN,UNIVERSIDADE FEDERAL DO RIO GRANDE DO NORTE,34,UFRN,Universidade Federal do Rio Grande do Norte,SIORG
10,MEC,MINISTÉRIO DA EDUCAÇÃO,47,UFRGS,UNIVERSIDADE FEDERAL DO RIO GRANDE DO SUL,47,UFRGS,Universidade Federal do Rio Grande do Sul,SIORG
10,MEC,MINISTÉRIO DA EDUCAÇÃO,43,UFRJ,UNIVERSIDADE FEDERAL DO RIO DE JANEIRO,43,UFRJ,Universidade Federal do Rio de Janeiro,SIORG
10,MEC,MINISTÉRIO DA EDUCAÇÃO,46,UFSC,UNIVERSIDADE FEDERAL DE SANTA CATARINA,46,UFSC,Universidade Federal de Santa Catarina,SIORG
10,MEC,MINISTÉRIO DA EDUCAÇÃO,48,UFSM,UNIVERSIDADE FEDERAL DE SANTA MARIA,48,UFSM,Universidade Federal de Santa Maria,SIORG
10,MEC,MINISTÉRIO DA EDUCAÇÃO,50,UFRPE,UNIVERSIDADE FEDERAL RURAL DE PERNAMBUCO,50,UFRPE,Universidade Federal Rural de Pernambuco,SIORG
10,MEC,MINISTÉRIO DA EDUCAÇÃO,49,UFRRJ,UNIVERSIDADE FEDERAL RURAL DO RIO DE JANEIRO,49,UFRRJ,Universidade Federal Rural do Rio de Janeiro,SIORG
10,MEC,MINISTÉRIO DA EDUCAÇÃO,101,UFRR,FUNDAÇÃO UNIVERSIDADE FEDERAL DE RORAIMA,101,UFRR,Fundação Universidade Federal de Roraima,SIORG
10,MEC,MINISTÉRIO DA EDUCAÇÃO,149,UFT,FUNDAÇÃO UNIVERSIDADE FEDERAL DO TOCANTINS,149,UFT,Fundação Universidade Federal do Tocantins,SIORG
10,MEC,MINISTÉRIO DA EDUCAÇÃO,166,UFCG,UNIVERSIDADE FEDERAL DE CAMPINA GRANDE,166,UFCG,Universidade Federal de Campina Grande,SIORG
10,MEC,MINISTÉRIO DA EDUCAÇÃO,61,UFRA,UNIVERSIDADE FEDERAL RURAL DA AMAZÔNIA,61,UFRA,Universidade Federal Rural da Amazônia,SIORG
10,MEC,MINISTÉRIO DA EDUCAÇÃO,63,UFTM,UNIVERSIDADE FEDERAL DO TRIÂNGULO MINEIRO,63,UFTM,Universidade Federal do Triângulo Mineiro,SIORG
10,MEC,MINISTÉRIO DA EDUCAÇÃO,64,UFVJM,UNIVERSIDADE FEDERAL DOS VALES DO JEQUITINHONHA E MUCURI,64,UFVJM,Universidade Federal dos Vales do Jequitinhonha e Mucuri,SIORG
10,MEC,MINISTÉRIO DA EDUCAÇÃO,55,CEFET-RJ,CENTRO FEDERAL DE EDUCAÇÃO TECNOLÓGICA - CELSO SUCKOW DA FONSECA,55,CEFET-RJ,Centro Federal de Educação Tecnológica - Celso Suckow da Fonseca,SIORG
10,MEC,MINISTÉRIO DA EDUCAÇÃO,54,CEFET-MG,CENTRO FEDERAL DE EDUCAÇÃO TECNOLÓGICA DE MINAS GERAIS,54,CEFET-MG,Centro Federal de Educação Tecnológica de Minas Gerais,SIORG
10,MEC,MINISTÉRIO DA EDUCAÇÃO,58,UTFPR,UNIVERSIDADE TECNOLÓGICA FEDERAL DO PARANÁ,58,UTFPR,Universidade Tecnológica Federal do Paraná,SIORG
10,MEC,MINISTÉRIO DA EDUCAÇÃO,65,UNIFAL-MG,UNIVERSIDADE FEDERAL DE ALFENAS,65,UNIFAL-MG,Universidade Federal de Alfenas,SIORG
10,MEC,MINISTÉRIO DA EDUCAÇÃO,66,UNIFEI,UNIVERSIDADE FEDERAL DE ITAJUBÁ,66,UNIFEI,Universidade Federal de Itajubá,SIORG
10,MEC,MINISTÉRIO DA EDUCAÇÃO,68,UNIFESP,UNIVERSIDADE FEDERAL DE SÃO PAULO,68,UNIFESP,Universidade Federal de São Paulo,SIORG
10,MEC,MINISTÉRIO DA EDUCAÇÃO,67,UFLA,UNIVERSIDADE FEDERAL DE LAVRAS,67,UFLA,Universidade Federal de Lavras,SIORG
10,MEC,MINISTÉRIO DA EDUCAÇÃO,62,UFERSA-RN,UNIVERSIDADE FEDERAL RURAL DO SEMI-ÁRIDO,62,UFERSA-RN,Universidade Federal Rural do Semi-Árido,SIORG
10,MEC,MINISTÉRIO DA EDUCAÇÃO,157,UNIPAMPA,FUNDAÇÃO UNIVERSIDADE FEDERAL DO PAMPA,157,UNIPAMPA,Fundação Universidade Federal do Pampa,SIORG
10,MEC,MINISTÉRIO DA EDUCAÇÃO,170,UNILA,UNIVERSIDADE FEDERAL DA INTEGRAÇÃO LATINO-AMERICANA,170,UNILA,Universidade Federal da Integração Latino-Americana,SIORG
10,MEC,MINISTÉRIO DA EDUCAÇÃO,88,UNIR,FUNDAÇÃO UNIVERSIDADE FEDERAL DE RONDÔNIA,88,UNIR,Fundação Universidade Federal de Rondônia,SIORG
10,MEC,MINISTÉRIO DA EDUCAÇÃO,16,UNIRIO,UNIVERSIDADE FEDERAL DO ESTADO DO RIO DE JANEIRO,16,UNIRIO,Universidade Federal do Estado do Rio de Janeiro,SIORG
10,MEC,MINISTÉRIO DA EDUCAÇÃO,69,UFAM,FUNDAÇÃO UNIVERSIDADE DO AMAZONAS,69,UFAM,Fundação Universidade do Amazonas,SIORG
10,MEC,MINISTÉRIO DA EDUCAÇÃO,74,UNB,FUNDAÇÃO UNIVERSIDADE DE BRASÍLIA,74,UNB,Fundação Universidade de Brasília,SIORG
10,MEC,MINISTÉRIO DA EDUCAÇÃO,80,FURG,FUNDAÇÃO UNIVERSIDADE FEDERAL DO RIO GRANDE,80,FURG,Fundação Universidade Federal do Rio Grande,SIORG
10,MEC,MINISTÉRIO DA EDUCAÇÃO,76,UFU,UNIVERSIDADE FEDERAL DE UBERLÂNDIA,76,UFU,Universidade Federal de Uberlândia,SIORG
10,MEC,MINISTÉRIO DA EDUCAÇÃO,70,UFAC,FUNDAÇÃO UNIVERSIDADE FEDERAL DO ACRE,70,UFAC,Fundação Universidade Federal do Acre,SIORG
10,MEC,MINISTÉRIO DA EDUCAÇÃO,75,UFMT,FUNDAÇÃO UNIVERSIDADE FEDERAL DE MATO GROSSO,75,UFMT,Fundação Universidade Federal de Mato Grosso,SIORG
10,MEC,MINISTÉRIO DA EDUCAÇÃO,77,FUFOP,FUNDAÇÃO UNIVERSIDADE FEDERAL DE OURO PRETO,77,FUFOP,Fundação Universidade Federal de Ouro Preto,SIORG
10,MEC,MINISTÉRIO DA EDUCAÇÃO,81,UFPEL,FUNDAÇÃO UNIVERSIDADE FEDERAL DE PELOTAS,81,UFPEL,Fundação Universidade Federal de Pelotas,SIORG
10,MEC,MINISTÉRIO DA EDUCAÇÃO,72,UFPI,FUNDAÇÃO UNIVERSIDADE FEDERAL DO PIAUÍ,72,UFPI,Fundação Universidade Federal do Piauí,SIORG
10,MEC,MINISTÉRIO DA EDUCAÇÃO,79,UFSCAR,FUNDAÇÃO UNIVERSIDADE FEDERAL DE SÃO CARLOS,79,UFSCAR,Fundação Universidade Federal de São Carlos,SIORG
10,MEC,MINISTÉRIO DA EDUCAÇÃO,73,UFS,FUNDAÇÃO UNIVERSIDADE FEDERAL DE SERGIPE,73,UFS,Fundação Universidade Federal de Sergipe,SIORG
10,MEC,MINISTÉRIO DA EDUCAÇÃO,78,UFV,FUNDAÇÃO UNIVERSIDADE FEDERAL DE VIÇOSA,78,UFV,Fundação Universidade Federal de Viçosa,SIORG
10,MEC,MINISTÉRIO DA EDUCAÇÃO,83,UFMS,FUNDAÇÃO UNIVERSIDADE FEDERAL DE MATO GROSSO DO SUL,83,UFMS,Fundação Universidade Federal de Mato Grosso do Sul,SIORG
10,MEC,MINISTÉRIO DA EDUCAÇÃO,86,UFCSPA,FUNDAÇÃO UNIVERSIDADE FEDERAL DE CIÊNCIAS DA SAÚDE DE PORTO ALEGRE,86,UFCSPA,Fundação Universidade Federal de Ciências da Saúde de Porto Alegre,SIORG
10,MEC,MINISTÉRIO DA EDUCAÇÃO,103,FUNREI,FUNDAÇÃO UNIVERSIDADE FEDERAL DE SÃO JOÃO DEL REI,103,FUNREI,Fundação Universidade Federal de São João Del Rei,SIORG
10,MEC,MINISTÉRIO DA EDUCAÇÃO,102,UNIFAP,FUNDAÇÃO UNIVERSIDADE FEDERAL DO AMAPÁ,102,UNIFAP,Fundação Universidade Federal do Amapá,SIORG
10,MEC,MINISTÉRIO DA EDUCAÇÃO,15,FUNDAJ,FUNDAÇÃO JOAQUIM NABUCO,15,FUNDAJ,Fundação Joaquim Nabuco,SIORG
10,MEC,MINISTÉRIO DA EDUCAÇÃO,12,CAPES,FUNDAÇÃO COORDENAÇÃO DE APERFEIÇOAMENTO DE PESSOAL DE NÍVEL SUPERIOR,12,CAPES,Fundação Coordenação de Aperfeiçoamento de Pessoal de Nível Superior,SIORG
10,MEC,MINISTÉRIO DA EDUCAÇÃO,111,UFGD,FUNDAÇÃO UNIVERSIDADE FEDERAL DA GRANDE DOURADOS,111,UFGD,Fundação Universidade Federal da Grande Dourados,SIORG
10,MEC,MINISTÉRIO DA EDUCAÇÃO,100,UFRB,UNIVERSIDADE FEDERAL DO RECÔNCAVO DA BAHIA,100,UFRB,Universidade Federal do Recôncavo da Bahia,SIORG
10,MEC,MINISTÉRIO DA EDUCAÇÃO,148,UFABC,FUNDAÇÃO UNIVERSIDADE FEDERAL DO ABC,148,UFABC,Fundação Universidade Federal do ABC,SIORG
10,MEC,MINISTÉRIO DA EDUCAÇÃO,167,IFAC,"INSTITUTO FEDERAL DE EDUCAÇÃO, CIÊNCIA E TECNOLOGIA DO ACRE",167,IFAC,"Instituto Federal de Educação, Ciência e Tecnologia do Acre",SIORG
10,MEC,MINISTÉRIO DA EDUCAÇÃO,113,IFAL,"INSTITUTO FEDERAL DE EDUCAÇÃO, CIÊNCIA E TECNOLOGIA DE ALAGOAS",113,IFAL,"Instituto Federal de Educação, Ciência e Tecnologia de Alagoas",SIORG
10,MEC,MINISTÉRIO DA EDUCAÇÃO,142,IFAM,"INSTITUTO FEDERAL DE EDUCAÇÃO, CIÊNCIA E TECNOLOGIA DO AMAZONAS",142,IFAM,"Instituto Federal de Educação, Ciência e Tecnologia do Amazonas",SIORG
10,MEC,MINISTÉRIO DA EDUCAÇÃO,133,IF BAIANO,"INSTITUTO FEDERAL DE EDUCAÇÃO, CIÊNCIA E TECNOLOGIA BAIANO",133,IF BAIANO,"Instituto Federal de Educação, Ciência e Tecnologia Baiano",SIORG
10,MEC,MINISTÉRIO DA EDUCAÇÃO,143,IFCE,"INSTITUTO FEDERAL DE EDUCAÇÃO, CIÊNCIA E TECNOLOGIA DO CEARÁ",143,IFCE,"Instituto Federal de Educação, Ciência e Tecnologia do Ceará",SIORG
10,MEC,MINISTÉRIO DA EDUCAÇÃO,116,IF-GOIANO,"INSTITUTO FEDERAL DE EDUCAÇÃO, CIÊNCIA E TECNOLOGIA GOIANO",116,IF-GOIANO,"Instituto Federal de Educação, Ciência e Tecnologia Goiano",SIORG
10,MEC,MINISTÉRIO DA EDUCAÇÃO,144,IFMG,"INSTITUTO FEDERAL DE EDUCAÇÃO, CIÊNCIA E TECNOLOGIA DE MINAS GERAIS",144,IFMG,"Instituto Federal de Educação, Ciência e Tecnologia de Minas Gerais",SIORG
10,MEC,MINISTÉRIO DA EDUCAÇÃO,125,IFNMG,"INSTITUTO FEDERAL DE EDUCAÇÃO, CIÊNCIA E TECNOLOGIA DO NORTE DE MINAS GERAIS",125,IFNMG,"Instituto Federal de Educação, Ciência e Tecnologia do Norte de Minas Gerais",SIORG
10,MEC,MINISTÉRIO DA EDUCAÇÃO,128,IFSUDMG,"INSTITUTO FEDERAL DE EDUCAÇÃO, CIÊNCIA E TECNOLOGIA DO SUDESTE DE MINAS GERAIS",128,IFSUDMG,"Instituto Federal de Educação, Ciência e Tecnologia do Sudeste de Minas Gerais",SIORG
10,MEC,MINISTÉRIO DA EDUCAÇÃO,132,IFSULMG,"INSTITUTO FEDERAL DE EDUCAÇÃO, CIÊNCIA E TECNOLOGIA DO SUL DE MINAS GERAIS",132,IFSULMG,"Instituto Federal de Educação, Ciência e Tecnologia do Sul de Minas Gerais",SIORG
10,MEC,MINISTÉRIO DA EDUCAÇÃO,129,IFTM,"INSTITUTO FEDERAL DE EDUCAÇÃO, CIÊNCIA E TECNOLOGIA DO TRIÂNGULO MINEIRO",129,IFTM,"Instituto Federal de Educação, Ciência e Tecnologia do Triângulo Mineiro",SIORG
10,MEC,MINISTÉRIO DA EDUCAÇÃO,119,IFMT,"INSTITUTO FEDERAL DE EDUCAÇÃO, CIÊNCIA E TECNOLOGIA DE MATO GROSSO",119,IFMT,"Instituto Federal de Educação, Ciência e Tecnologia de Mato Grosso",SIORG
10,MEC,MINISTÉRIO DA EDUCAÇÃO,114,IFMS,"INSTITUTO FEDERAL DE EDUCAÇÃO, CIÊNCIA E TECNOLOGIA DE MATO GROSSO DO SUL",114,IFMS,"Instituto Federal de Educação, Ciência e Tecnologia de Mato Grosso do Sul",SIORG
10,MEC,MINISTÉRIO DA EDUCAÇÃO,145,IFPA,"INSTITUTO FEDERAL DE EDUCAÇÃO, CIÊNCIA E TECNOLOGIA DO PARÁ",145,IFPA,"Instituto Federal de Educação, Ciência e Tecnologia do Pará",SIORG
10,MEC,MINISTÉRIO DA EDUCAÇÃO,139,IFPB,"INSTITUTO FEDERAL DE EDUCAÇÃO, CIÊNCIA E TECNOLOGIA DA PARAÍBA",139,IFPB,"Instituto Federal de Educação, Ciência e Tecnologia da Paraíba",SIORG
10,MEC,MINISTÉRIO DA EDUCAÇÃO,146,IFRS,"INSTITUTO FEDERAL DE EDUCAÇÃO, CIÊNCIA E TECNOLOGIA DO RIO GRANDE DO SUL",146,IFRS,"Instituto Federal de Educação, Ciência e Tecnologia do Rio Grande do Sul",SIORG
10,MEC,MINISTÉRIO DA EDUCAÇÃO,140,IFFAR,"INSTITUTO FEDERAL DE EDUCAÇÃO, CIÊNCIA E TECNOLOGIA FARROUPILHA",140,IFFAR,"Instituto Federal de Educação, Ciência e Tecnologia Farroupilha",SIORG
10,MEC,MINISTÉRIO DA EDUCAÇÃO,141,IFRO,"INSTITUTO FEDERAL DE EDUCAÇÃO, CIÊNCIA E TECNOLOGIA DE RONDÔNIA",141,IFRO,"Instituto Federal de Educação, Ciência e Tecnologia de Rondônia",SIORG
10,MEC,MINISTÉRIO DA EDUCAÇÃO,147,IFC,"INSTITUTO FEDERAL DE EDUCAÇÃO, CIÊNCIA E TECNOLOGIA CATARINENSE",147,IFC,"Instituto Federal de Educação, Ciência e Tecnologia Catarinense",SIORG
10,MEC,MINISTÉRIO DA EDUCAÇÃO,115,IFS,"INSTITUTO FEDERAL DE EDUCAÇÃO, CIÊNCIA E TECNOLOGIA DE SERGIPE",115,IFS,"Instituto Federal de Educação, Ciência e Tecnologia de Sergipe",SIORG
10,MEC,MINISTÉRIO DA EDUCAÇÃO,130,IFTO,"INSTITUTO FEDERAL DE EDUCAÇÃO, CIÊNCIA E TECNOLOGIA DO TOCANTINS",130,IFTO,"Instituto Federal de Educação, Ciência e Tecnologia do Tocantins",SIORG
10,MEC,MINISTÉRIO DA EDUCAÇÃO,168,IFAP,"INSTITUTO FEDERAL DE EDUCAÇÃO, CIÊNCIA E TECNOLOGIA DO AMAPÁ",168,IFAP,"Instituto Federal de Educação, Ciência e Tecnologia do Amapá",SIORG
10,MEC,MINISTÉRIO DA EDUCAÇÃO,53,IFBA,"INSTITUTO FEDERAL DE EDUCAÇÃO, CIÊNCIA E TECNOLOGIA DA BAHIA",53,IFBA,"Instituto Federal de Educação, Ciência e Tecnologia da Bahia",SIORG
10,MEC,MINISTÉRIO DA EDUCAÇÃO,169,IFB,"INSTITUTO FEDERAL DE EDUCAÇÃO, CIÊNCIA E TECNOLOGIA DE BRASÍLIA",169,IFB,"Instituto Federal de Educação, Ciência e Tecnologia de Brasília",SIORG
10,MEC,MINISTÉRIO DA EDUCAÇÃO,56,IFG,"INSTITUTO FEDERAL DE EDUCAÇÃO, CIÊNCIA E TECNOLOGIA DE GOIÁS",56,IFG,"Instituto Federal de Educação, Ciência e Tecnologia de Goiás",SIORG
10,MEC,MINISTÉRIO DA EDUCAÇÃO,134,IFSERTAOPE,"INSTITUTO FEDERAL DE EDUCAÇÃO, CIÊNCIA E TECNOLOGIA DO SERTÃO PERNAMBUCANO",134,IFSERTAOPE,"Instituto Federal de Educação, Ciência e Tecnologia do Sertão Pernambucano",SIORG
10,MEC,MINISTÉRIO DA EDUCAÇÃO,51,IFPI,"INSTITUTO FEDERAL DE EDUCAÇÃO, CIÊNCIA E TECNOLOGIA DO PIAUÍ",51,IFPI,"Instituto Federal de Educação, Ciência e Tecnologia do Piauí",SIORG
10,MEC,MINISTÉRIO DA EDUCAÇÃO,150,IFPR,"INSTITUTO FEDERAL DE EDUCAÇÃO, CIÊNCIA E TECNOLOGIA DO PARANÁ",150,IFPR,"Instituto Federal de Educação, Ciência e Tecnologia do Paraná",SIORG
10,MEC,MINISTÉRIO DA EDUCAÇÃO,154,IFF,"INSTITUTO FEDERAL DE EDUCAÇÃO, CIÊNCIA E TECNOLOGIA FLUMINENSE",154,IFF,"Instituto Federal de Educação, Ciência e Tecnologia Fluminense",SIORG
10,MEC,MINISTÉRIO DA EDUCAÇÃO,52,IFRN,"INSTITUTO FEDERAL DE EDUCAÇÃO, CIÊNCIA E TECNOLOGIA DO RIO GRANDE DO NORTE",52,IFRN,"Instituto Federal de Educação, Ciência e Tecnologia do Rio Grande do Norte",SIORG
10,MEC,MINISTÉRIO DA EDUCAÇÃO,60,IFSUL,"INSTITUTO FEDERAL DE EDUCAÇÃO, CIÊNCIA E TECNOLOGIA SUL-RIO-GRANDENSE",60,IFSUL,"Instituto Federal de Educação, Ciência e Tecnologia Sul-Rio-Grandense",SIORG
10,MEC,MINISTÉRIO DA EDUCAÇÃO,109,IFRR,"INSTITUTO FEDERAL DE EDUCAÇÃO, CIÊNCIA E TECNOLOGIA DE RORAIMA",109,IFRR,"Instituto Federal de Educação, Ciência e Tecnologia de Roraima",SIORG
10,MEC,MINISTÉRIO DA EDUCAÇÃO,59,IFSC,"INSTITUTO FEDERAL DE EDUCAÇÃO, CIÊNCIA E TECNOLOGIA DE SANTA CATARINA",59,IFSC,"Instituto Federal de Educação, Ciência e Tecnologia de Santa Catarina",SIORG
10,MEC,MINISTÉRIO DA EDUCAÇÃO,57,IFSP,"INSTITUTO FEDERAL DE EDUCAÇÃO, CIÊNCIA E TECNOLOGIA DE SÃO PAULO",57,IFSP,"Instituto Federal de Educação, Ciência e Tecnologia de São Paulo",SIORG
10,MEC,MINISTÉRIO DA EDUCAÇÃO,175,UFFS,UNIVERSIDADE FEDERAL DA FRONTEIRA SUL,175,UFFS,Universidade Federal da Fronteira Sul,SIORG
10,MEC,MINISTÉRIO DA EDUCAÇÃO,153,UFOPA,UNIVERSIDADE FEDERAL DO OESTE DO PARÁ,153,UFOPA,Universidade Federal do Oeste do Pará,SIORG
10,MEC,MINISTÉRIO DA EDUCAÇÃO,179,UNILAB,UNIVERSIDADE DA INTEGRAÇÃO INTERNACIONAL DA LUSOFONIA AFRO-BRASILEIRA,179,UNILAB,Universidade da Integração Internacional da Lusofonia Afro-Brasileira,SIORG
10,MEC,MINISTÉRIO DA EDUCAÇÃO,173,UFOB,UNIVERSIDADE FEDERAL DO OESTE DA BAHIA,173,UFOB,Universidade Federal do Oeste da Bahia,SIORG
10,MEC,MINISTÉRIO DA EDUCAÇÃO,172,UNIFESSPA,UNIVERSIDADE FEDERAL DO SUL E SUDESTE DO PARÁ,172,UNIFESSPA,Universidade Federal do Sul e Sudeste do Pará,SIORG
10,MEC,MINISTÉRIO DA EDUCAÇÃO,174,UFCA,UNIVERSIDADE FEDERAL DO CARIRI,174,UFCA,Universidade Federal do Cariri,SIORG
10,MEC,MINISTÉRIO DA EDUCAÇÃO,171,UFSB,UNIVERSIDADE FEDERAL DO SUL DA BAHIA,171,UFSB,Universidade Federal do Sul da Bahia,SIORG
10,MEC,MINISTÉRIO DA EDUCAÇÃO,185,UFDPAR,UNIVERSIDADE FEDERAL DO DELTA DO PARNAÍBA,185,UFDPAR,Universidade Federal do Delta do Parnaíba,SIORG
10,MEC,MINISTÉRIO DA EDUCAÇÃO,184,UFR,UNIVERSIDADE FEDERAL DE RONDONÓPOLIS,184,UFR,Universidade Federal de Rondonópolis,SIORG
10,MEC,MINISTÉRIO DA EDUCAÇÃO,71,UFMA,FUNDAÇÃO UNIVERSIDADE FEDERAL DO MARANHÃO,71,UFMA,Fundação Universidade Federal do Maranhão,SIORG
10,MEC,MINISTÉRIO DA EDUCAÇÃO,117,IFRJ,"INSTITUTO FEDERAL DE EDUCAÇÃO, CIÊNCIA E TECNOLOGIA DO RIO DE JANEIRO",117,IFRJ,"Instituto Federal de Educação, Ciência e Tecnologia do Rio de Janeiro",SIORG
10,MEC,MINISTÉRIO DA EDUCAÇÃO,131,IFES,"INSTITUTO FEDERAL DE EDUCAÇÃO, CIÊNCIA E TECNOLOGIA DO ESPÍRITO SANTO",131,IFES,"Instituto Federal de Educação, Ciência e Tecnologia do Espírito Santo",SIORG
10,MEC,MINISTÉRIO DA EDUCAÇÃO,137,IFPE,"INSTITUTO FEDERAL DE EDUCAÇÃO, CIÊNCIA E TECNOLOGIA DE PERNAMBUCO",137,IFPE,"Instituto Federal de Educação, Ciência e Tecnologia de Pernambuco",SIORG
10,MEC,MINISTÉRIO DA EDUCAÇÃO,120,IFMA,"INSTITUTO FEDERAL DE EDUCAÇÃO, CIÊNCIA E TECNOLOGIA DO MARANHÃO",120,IFMA,"Instituto Federal de Educação, Ciência e Tecnologia do Maranhão",SIORG
10,MEC,MINISTÉRIO DA EDUCAÇÃO,186,UFAPE,UNIVERSIDADE FEDERAL DO AGRESTE DE PERNAMBUCO,186,UFAPE,Universidade Federal do Agreste de Pernambuco,SIORG
10,MEC,MINISTÉRIO DA EDUCAÇÃO,188,UFNT,UNIVERSIDADE FEDERAL DO NORTE DO TOCANTINS,188,UFNT,Universidade Federal do Norte do Tocantins,SIORG
10,MEC,MINISTÉRIO DA EDUCAÇÃO,182,UFCAT,UNIVERSIDADE FEDERAL DE CATALÃO,182,UFCAT,Universidade Federal de Catalão,SIORG
10,MEC,MINISTÉRIO DA EDUCAÇÃO,183,UFJ,UNIVERSIDADE FEDERAL DE JATAÍ,183,UFJ,Universidade Federal de Jataí,SIORG
215,MEMP,"MINISTÉRIO DO EMPREENDEDORISMO, DA MICROEMPRESA E DA EMPRESA DE PEQUENO PORTE",215,MEMP,"MINISTÉRIO DO EMPREENDEDORISMO, DA MICROEMPRESA E DA EMPRESA DE PEQUENO PORTE",17700,MEMP,MIN EMPREEND MICROEMP EMP PEQUENO PORTE,SIAPE
215,MEMP,"MINISTÉRIO DO EMPREENDEDORISMO, DA MICROEMPRESA E DA EMPRESA DE PEQUENO PORTE",215,MEMP,"MINISTÉRIO DO EMPREENDEDORISMO, DA MICROEMPRESA E DA EMPRESA DE PEQUENO PORTE",215,MEMP,"Ministério do Empreendedorismo, da Microempresa e da Empresa de Pequeno Porte",SIORG
195,MESP,MINISTÉRIO DO ESPORTE,195,MESP,MINISTÉRIO DO ESPORTE,55200,MESP,MINISTERIO DO ESPORTE,SIAPE
195,MESP,MINISTÉRIO DO ESPORTE,195,MESP,MINISTÉRIO DO ESPORTE,195,MESP,Ministério do Esporte,SIORG
198,MF,MINISTÉRIO DA FAZENDA,24,SUSEP,SUPERINTENDÊNCIA DE SEGUROS PRIVADOS,25208,SUSEP,SUPERINTENDENCIA DE SEGUROS PRIVADOS,SIAFI
198,MF,MINISTÉRIO DA FAZENDA,198,MF,MINISTÉRIO DA FAZENDA,25000,MF,MINISTERIO DA FAZENDA,SIAFI
198,MF,MINISTÉRIO DA FAZENDA,82,CVM,COMISSÃO DE VALORES MOBILIÁRIOS,25203,CVM,COMISSAO DE VALORES MOBILIARIOS,SIAFI
198,MF,MINISTÉRIO DA FAZENDA,82,CVM,COMISSÃO DE VALORES MOBILIÁRIOS,45203,CVM,COMISSAO DE VALORES MOBILIARIOS,SIAPE
198,MF,MINISTÉRIO DA FAZENDA,24,SUSEP,SUPERINTENDÊNCIA DE SEGUROS PRIVADOS,45208,SUSEP,SUPERINTENDENCIA DE SEGUROS PRIVADOS,SIAPE
198,MF,MINISTÉRIO DA FAZENDA,198,MF,MINISTÉRIO DA FAZENDA,17600,MF,MINISTERIO DA FAZENDA,SIAPE
198,MF,MINISTÉRIO DA FAZENDA,198,MF,MINISTÉRIO DA FAZENDA,17000,MF,MINISTERIO DA FAZENDA,SIAPE
198,MF,MINISTÉRIO DA FAZENDA,198,MF,MINISTÉRIO DA FAZENDA,198,MF,Ministério da Fazenda,SIORG
198,MF,MINISTÉRIO DA FAZENDA,24,SUSEP,SUPERINTENDÊNCIA DE SEGUROS PRIVADOS,24,SUSEP,Superintendência de Seguros Privados,SIORG
198,MF,MINISTÉRIO DA FAZENDA,82,CVM,COMISSÃO DE VALORES MOBILIÁRIOS,82,CVM,Comissão de Valores Mobiliários,SIORG
199,MGI,MINISTÉRIO DA GESTÃO E DA INOVAÇÃO EM SERVIÇOS PÚBLICOS,151,ITI,INSTITUTO NACIONAL DE TECNOLOGIA DA INFORMAÇÃO,24208,ITI,INSTITUTO NAC.DE TECNOLOGIA DA INFORMACAO-ITI,SIAFI
199,MGI,MINISTÉRIO DA GESTÃO E DA INOVAÇÃO EM SERVIÇOS PÚBLICOS,84,ENAP,FUNDAÇÃO ESCOLA NACIONAL DE ADMINISTRAÇÃO PÚBLICA,20202,ENAP,FUNDACAO ESCOLA NACIONAL DE ADM. PUBLICA,SIAFI
199,MGI,MINISTÉRIO DA GESTÃO E DA INOVAÇÃO EM SERVIÇOS PÚBLICOS,199,MGI,MINISTÉRIO DA GESTÃO E DA INOVAÇÃO EM SERVIÇOS PÚBLICOS,17500,MGI,MIN GESTAO E INOV EM SERV PUBLICOS,SIAPE
199,MGI,MINISTÉRIO DA GESTÃO E DA INOVAÇÃO EM SERVIÇOS PÚBLICOS,151,ITI,INSTITUTO NACIONAL DE TECNOLOGIA DA INFORMAÇÃO,17800,ITI,INST NAC DE TECN DA INFORMACAO,SIAPE
199,MGI,MINISTÉRIO DA GESTÃO E DA INOVAÇÃO EM SERVIÇOS PÚBLICOS,84,ENAP,FUNDAÇÃO ESCOLA NACIONAL DE ADMINISTRAÇÃO PÚBLICA,40202,ENAP,FUNDACAO ESCOLA NACIONAL DE ADM. PUBLICA,SIAPE
199,MGI,MINISTÉRIO DA GESTÃO E DA INOVAÇÃO EM SERVIÇOS PÚBLICOS,84,ENAP,FUNDAÇÃO ESCOLA NACIONAL DE ADMINISTRAÇÃO PÚBLICA,84,ENAP,Fundação Escola Nacional de Administração Pública,SIORG
199,MGI,MINISTÉRIO DA GESTÃO E DA INOVAÇÃO EM SERVIÇOS PÚBLICOS,199,MGI,MINISTÉRIO DA GESTÃO E DA INOVAÇÃO EM SERVIÇOS PÚBLICOS,199,MGI,Ministério da Gestão e da Inovação em Serviços Públicos,SIORG
199,MGI,MINISTÉRIO DA GESTÃO E DA INOVAÇÃO EM SERVIÇOS PÚBLICOS,151,ITI,INSTITUTO NACIONAL DE TECNOLOGIA DA INFORMAÇÃO,151,ITI,Instituto Nacional de Tecnologia da Informação,SIORG
197,MIDR,MINISTÉRIO DA INTEGRAÇÃO E DO DESENVOLVIMENTO REGIONAL,118,SUDECO,SUPERINTENDÊNCIA DO DESENVOLVIMENTO DO CENTRO-OESTE,53207,SUDECO,SUPERINT. DE DESENVOLVIMENTO DO CENTRO-OESTE,SIAFI
197,MIDR,MINISTÉRIO DA INTEGRAÇÃO E DO DESENVOLVIMENTO REGIONAL,107,SUDENE,SUPERINTENDÊNCIA DO DESENVOLVIMENTO DO NORDESTE,53203,SUDENE,SUPERINTENDENCIA DO DESENVOLV. DO NORDESTE,SIAFI
197,MIDR,MINISTÉRIO DA INTEGRAÇÃO E DO DESENVOLVIMENTO REGIONAL,29,DNOCS,DEPARTAMENTO NACIONAL DE OBRAS CONTRA AS SECAS,22204,DNOCS,DEPARTAMENTO NAC.DE OBRAS CONTRA AS SECAS,SIAFI
197,MIDR,MINISTÉRIO DA INTEGRAÇÃO E DO DESENVOLVIMENTO REGIONAL,20,CODEVASF,COMPANHIA DE DESENVOLVIMENTO DOS VALES DO SÃO FRANCISCO E DO PARNAÍBA,22203,CODEVASF,CIA.DE DES.DOS VALES DO S.FRANC.E DO PARNAIBA,SIAFI
197,MIDR,MINISTÉRIO DA INTEGRAÇÃO E DO DESENVOLVIMENTO REGIONAL,118,SUDECO,SUPERINTENDÊNCIA DO DESENVOLVIMENTO DO CENTRO-OESTE,80201,SUDECO,SUPERINTEND.DO DESENV.DA REGIAO CENTRO-OESTE,SIAFI
197,MIDR,MINISTÉRIO DA INTEGRAÇÃO E DO DESENVOLVIMENTO REGIONAL,178,SUDAM,SUPERINTENDÊNCIA DO DESENVOLVIMENTO DA AMAZÔNIA,53202,SUDAM,SUPERINTEND. DO DESENVOLVIMENTO DA AMAZONIA,SIAFI
197,MIDR,MINISTÉRIO DA INTEGRAÇÃO E DO DESENVOLVIMENTO REGIONAL,107,SUDENE,SUPERINTENDÊNCIA DO DESENVOLVIMENTO DO NORDESTE,20601,SUDENE,SUPERINTENDENCIA DO DESENVOLV. DO NORDESTE,SIAFI
197,MIDR,MINISTÉRIO DA INTEGRAÇÃO E DO DESENVOLVIMENTO REGIONAL,178,SUDAM,SUPERINTENDÊNCIA DO DESENVOLVIMENTO DA AMAZÔNIA,20602,SUDAM,SUPERINTENDENCIA DO DESENVOLV. DA AMAZONIA,SIAFI
197,MIDR,MINISTÉRIO DA INTEGRAÇÃO E DO DESENVOLVIMENTO REGIONAL,107,SUDENE,SUPERINTENDÊNCIA DO DESENVOLVIMENTO DO NORDESTE,53203,SUDENE,SUDENE,SIAPE
197,MIDR,MINISTÉRIO DA INTEGRAÇÃO E DO DESENVOLVIMENTO REGIONAL,29,DNOCS,DEPARTAMENTO NACIONAL DE OBRAS CONTRA AS SECAS,42204,DNOCS,DEPTO. NACIONAL DE OBRAS CONTRA AS SECAS,SIAPE
197,MIDR,MINISTÉRIO DA INTEGRAÇÃO E DO DESENVOLVIMENTO REGIONAL,178,SUDAM,SUPERINTENDÊNCIA DO DESENVOLVIMENTO DA AMAZÔNIA,53202,SUDAM,SUDAM,SIAPE
197,MIDR,MINISTÉRIO DA INTEGRAÇÃO E DO DESENVOLVIMENTO REGIONAL,118,SUDECO,SUPERINTENDÊNCIA DO DESENVOLVIMENTO DO CENTRO-OESTE,53297,SUDECO,SUDECO,SIAPE
197,MIDR,MINISTÉRIO DA INTEGRAÇÃO E DO DESENVOLVIMENTO REGIONAL,197,MIDR,MINISTÉRIO DA INTEGRAÇÃO E DO DESENVOLVIMENTO REGIONAL,40100,MIDR,MIN DA INTEG E DO DESENV REGIONAL,SIAPE
197,MIDR,MINISTÉRIO DA INTEGRAÇÃO E DO DESENVOLVIMENTO REGIONAL,20,CODEVASF,COMPANHIA DE DESENVOLVIMENTO DOS VALES DO SÃO FRANCISCO E DO PARNAÍBA,20,CODEVASF,Companhia de Desenvolvimento dos Vales do São Francisco e do Parnaíba,SIORG
197,MIDR,MINISTÉRIO DA INTEGRAÇÃO E DO DESENVOLVIMENTO REGIONAL,197,MIDR,MINISTÉRIO DA INTEGRAÇÃO E DO DESENVOLVIMENTO REGIONAL,197,MIDR,Ministério da Integração e do Desenvolvimento Regional,SIORG
197,MIDR,MINISTÉRIO DA INTEGRAÇÃO E DO DESENVOLVIMENTO REGIONAL,178,SUDAM,SUPERINTENDÊNCIA DO DESENVOLVIMENTO DA AMAZÔNIA,178,SUDAM,Superintendência do Desenvolvimento da Amazônia,SIORG
197,MIDR,MINISTÉRIO DA INTEGRAÇÃO E DO DESENVOLVIMENTO REGIONAL,107,SUDENE,SUPERINTENDÊNCIA DO DESENVOLVIMENTO DO NORDESTE,107,SUDENE,Superintendência do Desenvolvimento do Nordeste,SIORG
197,MIDR,MINISTÉRIO DA INTEGRAÇÃO E DO DESENVOLVIMENTO REGIONAL,118,SUDECO,SUPERINTENDÊNCIA DO DESENVOLVIMENTO DO CENTRO-OESTE,118,SUDECO,Superintendência do Desenvolvimento do Centro-Oeste,SIORG
197,MIDR,MINISTÉRIO DA INTEGRAÇÃO E DO DESENVOLVIMENTO REGIONAL,29,DNOCS,DEPARTAMENTO NACIONAL DE OBRAS CONTRA AS SECAS,29,DNOCS,Departamento Nacional de Obras Contra as Secas,SIORG
208,MINC,MINISTÉRIO DA CULTURA,105,FUNARTE,FUNDAÇÃO NACIONAL DE ARTES,20412,FUNARTE,FUNDACAO NACIONAL DE ARTES,SIAFI
208,MINC,MINISTÉRIO DA CULTURA,208,MINC,MINISTÉRIO DA CULTURA,42000,MINC,MINISTERIO DA CULTURA,SIAFI
208,MINC,MINISTÉRIO DA CULTURA,99,IPHAN,INSTITUTO DO PATRIMÔNIO HISTÓRICO E ARTÍSTICO NACIONAL,20411,IPHAN,INSTITUTO DO PATRIMONIO HIST. E ART. NACIONAL,SIAFI
208,MINC,MINISTÉRIO DA CULTURA,91,FCP,FUNDAÇÃO CULTURAL PALMARES,20408,FCP,FUNDACAO CULTURAL PALMARES,SIAFI
208,MINC,MINISTÉRIO DA CULTURA,152,ANCINE,AGÊNCIA NACIONAL DO CINEMA,20203,ANCINE,AGENCIA NACIONAL DO CINEMA,SIAFI
208,MINC,MINISTÉRIO DA CULTURA,126,IBRAM,INSTITUTO BRASILEIRO DE MUSEUS,42207,IBRAM,INSTITUTO BRASILEIRO DE MUSEUS,SIAFI
208,MINC,MINISTÉRIO DA CULTURA,105,FUNARTE,FUNDAÇÃO NACIONAL DE ARTES,24203,FUNARTE,INSTITUTO BRASILEIRO DE ARTE E CULTURA,SIAPE
208,MINC,MINISTÉRIO DA CULTURA,126,IBRAM,INSTITUTO BRASILEIRO DE MUSEUS,42207,IBRAM,IBRAM,SIAPE
208,MINC,MINISTÉRIO DA CULTURA,99,IPHAN,INSTITUTO DO PATRIMÔNIO HISTÓRICO E ARTÍSTICO NACIONAL,24204,IPHAN,INSTITUTO DO PATR.HIST.E ART. NACIONAL,SIAPE
208,MINC,MINISTÉRIO DA CULTURA,17,FCRB,FUNDAÇÃO CASA DE RUI BARBOSA,40403,FCRB,FUNDACAO CASA DE RUI BARBOSA,SIAPE
208,MINC,MINISTÉRIO DA CULTURA,91,FCP,FUNDAÇÃO CULTURAL PALMARES,40408,FCP,FUNDACAO CULTURAL PALMARES,SIAPE
208,MINC,MINISTÉRIO DA CULTURA,208,MINC,MINISTÉRIO DA CULTURA,54100,MINC,MINISTERIO DA CULTURA,SIAPE
208,MINC,MINISTÉRIO DA CULTURA,87,FBN,FUNDAÇÃO BIBLIOTECA NACIONAL,24205,FBN,FUNDACAO BIBLIOTECA NACIONAL,SIAPE
208,MINC,MINISTÉRIO DA CULTURA,152,ANCINE,AGÊNCIA NACIONAL DO CINEMA,20224,ANCINE,ANCINE,SIAPE
208,MINC,MINISTÉRIO DA CULTURA,208,MINC,MINISTÉRIO DA CULTURA,40107,MINC,MINISTERIO DA CULTURA,SIAPE
208,MINC,MINISTÉRIO DA CULTURA,126,IBRAM,INSTITUTO BRASILEIRO DE MUSEUS,126,IBRAM,Instituto Brasileiro de Museus,SIORG
208,MINC,MINISTÉRIO DA CULTURA,17,FCRB,FUNDAÇÃO CASA DE RUI BARBOSA,17,FCRB,Fundação Casa de Rui Barbosa,SIORG
208,MINC,MINISTÉRIO DA CULTURA,91,FCP,FUNDAÇÃO CULTURAL PALMARES,91,FCP,Fundação Cultural Palmares,SIORG
208,MINC,MINISTÉRIO DA CULTURA,152,ANCINE,AGÊNCIA NACIONAL DO CINEMA,152,ANCINE,Agência Nacional do Cinema,SIORG
208,MINC,MINISTÉRIO DA CULTURA,208,MINC,MINISTÉRIO DA CULTURA,208,MINC,Ministério da Cultura,SIORG
208,MINC,MINISTÉRIO DA CULTURA,105,FUNARTE,FUNDAÇÃO NACIONAL DE ARTES,105,FUNARTE,Fundação Nacional de Artes,SIORG
208,MINC,MINISTÉRIO DA CULTURA,99,IPHAN,INSTITUTO DO PATRIMÔNIO HISTÓRICO E ARTÍSTICO NACIONAL,99,IPHAN,Instituto do Patrimônio Histórico e Artístico Nacional,SIORG
208,MINC,MINISTÉRIO DA CULTURA,87,FBN,FUNDAÇÃO BIBLIOTECA NACIONAL,87,FBN,Fundação Biblioteca Nacional,SIORG
209,MIR,MINISTÉRIO DA IGUALDADE RACIAL,209,MIR,MINISTÉRIO DA IGUALDADE RACIAL,81300,MIR,MINISTERIO DA IGUALDADE RACIAL,SIAPE
209,MIR,MINISTÉRIO DA IGUALDADE RACIAL,209,MIR,MINISTÉRIO DA IGUALDADE RACIAL,209,MIR,Ministério da Igualdade Racial,SIORG
187,MJSP,MINISTÉRIO DA JUSTIÇA E SEGURANÇA PÚBLICA,187,MJSP,MINISTÉRIO DA JUSTIÇA E SEGURANÇA PÚBLICA,30000,MJSP,MINISTERIO DA JUSTICA E SEGURANCA PUBLICA,SIAFI
187,MJSP,MINISTÉRIO DA JUSTIÇA E SEGURANÇA PÚBLICA,187,MJSP,MINISTÉRIO DA JUSTIÇA E SEGURANÇA PÚBLICA,30108,DPF,DEPARTAMENTO DE POLICIA FEDERAL,SIAFI
187,MJSP,MINISTÉRIO DA JUSTIÇA E SEGURANÇA PÚBLICA,187,MJSP,MINISTÉRIO DA JUSTIÇA E SEGURANÇA PÚBLICA,82102,DPF,DEPARTAMENTO DE POLICIA FEDERAL,SIAFI
187,MJSP,MINISTÉRIO DA JUSTIÇA E SEGURANÇA PÚBLICA,187,MJSP,MINISTÉRIO DA JUSTIÇA E SEGURANÇA PÚBLICA,30107,DPRF,DEPARTAMENTO DE POLICIA RODOVIARIA FEDERAL,SIAFI
187,MJSP,MINISTÉRIO DA JUSTIÇA E SEGURANÇA PÚBLICA,187,MJSP,MINISTÉRIO DA JUSTIÇA E SEGURANÇA PÚBLICA,82103,DPRF,DEPARTAMENTO DE POLICIA RODOVIARIA FEDERAL,SIAFI
187,MJSP,MINISTÉRIO DA JUSTIÇA E SEGURANÇA PÚBLICA,28,CADE,CONSELHO ADMINISTRATIVO DE DEFESA ECONÔMICA,30211,CADE,CONSELHO ADMINISTRATIVO DE DEFESA ECONOMICA,SIAFI
187,MJSP,MINISTÉRIO DA JUSTIÇA E SEGURANÇA PÚBLICA,187,MJSP,MINISTÉRIO DA JUSTIÇA E SEGURANÇA PÚBLICA,20115,DPF,DEPARTAMENTO DE POLICIA FEDERAL,SIAPE
187,MJSP,MINISTÉRIO DA JUSTIÇA E SEGURANÇA PÚBLICA,187,MJSP,MINISTÉRIO DA JUSTIÇA E SEGURANÇA PÚBLICA,30802,DPRF,DPRF,SIAPE
187,MJSP,MINISTÉRIO DA JUSTIÇA E SEGURANÇA PÚBLICA,28,CADE,CONSELHO ADMINISTRATIVO DE DEFESA ECONÔMICA,38000,CADE,CONSELHO ADMINIST.DE DEFESA ECONOMICA,SIAPE
187,MJSP,MINISTÉRIO DA JUSTIÇA E SEGURANÇA PÚBLICA,187,MJSP,MINISTÉRIO DA JUSTIÇA E SEGURANÇA PÚBLICA,20000,MJ,MINISTERIO DA JUSTICA,SIAPE
187,MJSP,MINISTÉRIO DA JUSTIÇA E SEGURANÇA PÚBLICA,187,MJSP,MINISTÉRIO DA JUSTIÇA E SEGURANÇA PÚBLICA,704,DPRF,DEPARTAMENTO DE POLICIA RODOVIARIA FEDERAL,SIORG
187,MJSP,MINISTÉRIO DA JUSTIÇA E SEGURANÇA PÚBLICA,187,MJSP,MINISTÉRIO DA JUSTIÇA E SEGURANÇA PÚBLICA,235884,ANPD,AUTORIDADE NACIONAL DE PROTEÇÃO DE DADOS,SIORG
187,MJSP,MINISTÉRIO DA JUSTIÇA E SEGURANÇA PÚBLICA,28,CADE,CONSELHO ADMINISTRATIVO DE DEFESA ECONÔMICA,28,CADE,Conselho Administrativo de Defesa Econômica,SIORG
187,MJSP,MINISTÉRIO DA JUSTIÇA E SEGURANÇA PÚBLICA,187,MJSP,MINISTÉRIO DA JUSTIÇA E SEGURANÇA PÚBLICA,187,MJSP,Ministério da Justiça e Segurança Pública,SIORG
96,MMA,MINISTÉRIO DO MEIO AMBIENTE E MUDANÇA DO CLIMA,136,ANA,AGÊNCIA NACIONAL DE ÁGUAS E SANEAMENTO BÁSICO,44205,ANA,AGENCIA NACIONAL DE AGUAS,SIAFI
96,MMA,MINISTÉRIO DO MEIO AMBIENTE E MUDANÇA DO CLIMA,94,IBAMA,INSTITUTO BRASILEIRO DO MEIO AMBIENTE E DOS RECURSOS NATURAIS RENOVÁVEIS,20701,IBAMA,INST.BRAS.DO MEIO AMB.E DOS REC.NAT.RENOVAV.,SIAFI
96,MMA,MINISTÉRIO DO MEIO AMBIENTE E MUDANÇA DO CLIMA,95,JBRJ,INSTITUTO DE PESQUISAS JARDIM BOTÂNICO DO RIO DE JANEIRO,44206,JBRJ,INSTITUTO DE PESQUISAS JARDIM BOTANICO DO RJ,SIAFI
96,MMA,MINISTÉRIO DO MEIO AMBIENTE E MUDANÇA DO CLIMA,95,JBRJ,INSTITUTO DE PESQUISAS JARDIM BOTÂNICO DO RIO DE JANEIRO,44206,JBRJ,JBRJ,SIAPE
96,MMA,MINISTÉRIO DO MEIO AMBIENTE E MUDANÇA DO CLIMA,156,ICMBIO,INSTITUTO CHICO MENDES DE CONSERVAÇÃO DA BIODIVERSIDADE,44207,ICMBIO,ICMBIO,SIAPE
96,MMA,MINISTÉRIO DO MEIO AMBIENTE E MUDANÇA DO CLIMA,96,MMA,MINISTÉRIO DO MEIO AMBIENTE E MUDANÇA DO CLIMA,40211,MMA,MINISTERIO DO MEIO AMBIENTE,SIAPE
96,MMA,MINISTÉRIO DO MEIO AMBIENTE E MUDANÇA DO CLIMA,94,IBAMA,INSTITUTO BRASILEIRO DO MEIO AMBIENTE E DOS RECURSOS NATURAIS RENOVÁVEIS,40701,IBAMA,INST. BR. MEIO AMB. REC. NAT. RENOVAVEIS,SIAPE
96,MMA,MINISTÉRIO DO MEIO AMBIENTE E MUDANÇA DO CLIMA,136,ANA,AGÊNCIA NACIONAL DE ÁGUAS E SANEAMENTO BÁSICO,44205,ANA,ANA,SIAPE
96,MMA,MINISTÉRIO DO MEIO AMBIENTE E MUDANÇA DO CLIMA,96,MMA,MINISTÉRIO DO MEIO AMBIENTE E MUDANÇA DO CLIMA,40111,MMA,MINIST.MEIO AMB.REC.HID.E AMAZONIA LEGAL,SIAPE
96,MMA,MINISTÉRIO DO MEIO AMBIENTE E MUDANÇA DO CLIMA,96,MMA,MINISTÉRIO DO MEIO AMBIENTE E MUDANÇA DO CLIMA,96,MMA,Ministério do Meio Ambiente e Mudança do Clima,SIORG
96,MMA,MINISTÉRIO DO MEIO AMBIENTE E MUDANÇA DO CLIMA,94,IBAMA,INSTITUTO BRASILEIRO DO MEIO AMBIENTE E DOS RECURSOS NATURAIS RENOVÁVEIS,94,IBAMA,Instituto Brasileiro do Meio Ambiente e dos Recursos Naturais Renováveis,SIORG
96,MMA,MINISTÉRIO DO MEIO AMBIENTE E MUDANÇA DO CLIMA,136,ANA,AGÊNCIA NACIONAL DE ÁGUAS E SANEAMENTO BÁSICO,136,ANA,Agência Nacional de Águas e Saneamento Básico,SIORG
96,MMA,MINISTÉRIO DO MEIO AMBIENTE E MUDANÇA DO CLIMA,95,JBRJ,INSTITUTO DE PESQUISAS JARDIM BOTÂNICO DO RIO DE JANEIRO,95,JBRJ,Instituto de Pesquisas Jardim Botânico do Rio de Janeiro,SIORG
96,MMA,MINISTÉRIO DO MEIO AMBIENTE E MUDANÇA DO CLIMA,156,ICMBIO,INSTITUTO CHICO MENDES DE CONSERVAÇÃO DA BIODIVERSIDADE,156,ICMBIO,Instituto Chico Mendes de Conservação da Biodiversidade,SIORG
108,MME,MINISTÉRIO DE MINAS E ENERGIA,124,ANEEL,AGÊNCIA NACIONAL DE ENERGIA ELÉTRICA,32210,ANEEL,AGENCIA NACIONAL DE ENERGIA ELETRICA,SIAFI
108,MME,MINISTÉRIO DE MINAS E ENERGIA,123,EPE,EMPRESA DE PESQUISA ENERGÉTICA,32314,EPE,EMPRESA DE PESQUISA ENERGETICA,SIAFI
108,MME,MINISTÉRIO DE MINAS E ENERGIA,181,ANM,AGÊNCIA NACIONAL DE MINERAÇÃO,32396,ANM,AGENCIA NACIONAL DE MINERACAO,SIAFI
108,MME,MINISTÉRIO DE MINAS E ENERGIA,108,MME,MINISTÉRIO DE MINAS E ENERGIA,32000,MME,MINISTERIO DE MINAS E ENERGIA,SIAFI
108,MME,MINISTÉRIO DE MINAS E ENERGIA,108,MME,MINISTÉRIO DE MINAS E ENERGIA,32205,ANP,AGENCIA NACIONAL DO PETROLEO,SIAFI
108,MME,MINISTÉRIO DE MINAS E ENERGIA,108,MME,MINISTÉRIO DE MINAS E ENERGIA,32300,ANP,AGENCIA NACIONAL DO PETROLEO,SIAPE
108,MME,MINISTÉRIO DE MINAS E ENERGIA,124,ANEEL,AGÊNCIA NACIONAL DE ENERGIA ELÉTRICA,32200,ANEEL,AGENCIA NACIONAL DE ENERGIA ELETRICA,SIAPE
108,MME,MINISTÉRIO DE MINAS E ENERGIA,108,MME,MINISTÉRIO DE MINAS E ENERGIA,32000,MME,MINISTERIO DE MINAS E ENERGIA,SIAPE
108,MME,MINISTÉRIO DE MINAS E ENERGIA,181,ANM,AGÊNCIA NACIONAL DE MINERAÇÃO,32396,ANM,AGÊNCIA NACIONAL DE MINERAÇÃO,SIAPE
108,MME,MINISTÉRIO DE MINAS E ENERGIA,108,MME,MINISTÉRIO DE MINAS E ENERGIA,273855,ANSN,AUTORIDADE NACIONAL DE SEGURANÇA NUCLEAR,SIORG
108,MME,MINISTÉRIO DE MINAS E ENERGIA,108,MME,MINISTÉRIO DE MINAS E ENERGIA,108,MME,Ministério de Minas e Energia,SIORG
108,MME,MINISTÉRIO DE MINAS E ENERGIA,124,ANEEL,AGÊNCIA NACIONAL DE ENERGIA ELÉTRICA,124,ANEEL,Agência Nacional de Energia Elétrica,SIORG
108,MME,MINISTÉRIO DE MINAS E ENERGIA,108,MME,MINISTÉRIO DE MINAS E ENERGIA,25281,ANP,"Agência Nacional do Petróleo, Gás Natural e Biocombustíveis",SIORG
108,MME,MINISTÉRIO DE MINAS E ENERGIA,181,ANM,AGÊNCIA NACIONAL DE MINERAÇÃO,181,ANM,Agência Nacional de Mineração,SIORG
108,MME,MINISTÉRIO DE MINAS E ENERGIA,123,EPE,EMPRESA DE PESQUISA ENERGÉTICA,123,EPE,Empresa de Pesquisa Energética,SIORG
202,MMULHERES,MINISTÉRIO DAS MULHERES,202,MMULHERES,MINISTÉRIO DAS MULHERES,81200,MMULHERES,MINISTERIO DAS MULHERES,SIAPE
202,MMULHERES,MINISTÉRIO DAS MULHERES,202,MMULHERES,MINISTÉRIO DAS MULHERES,202,MMULHERES,Ministério das Mulheres,SIORG
193,MPA,MINISTÉRIO DA PESCA E AQUICULTURA,193,MPA,MINISTÉRIO DA PESCA E AQUICULTURA,58000,MPA,MINISTERIO DA PESCA E AQUICULTURA,SIAFI
193,MPA,MINISTÉRIO DA PESCA E AQUICULTURA,193,MPA,MINISTÉRIO DA PESCA E AQUICULTURA,13200,MPA,MINISTERIO DA PESCA E AQUICULTURA,SIAPE
193,MPA,MINISTÉRIO DA PESCA E AQUICULTURA,193,MPA,MINISTÉRIO DA PESCA E AQUICULTURA,193,MPA,Ministério da Pesca e Aquicultura,SIORG
210,MPI,MINISTÉRIO DOS POVOS INDÍGENAS,21,FUNAI,FUNDAÇÃO NACIONAL DOS POVOS INDÍGENAS,30202,FUNAI,FUNDACAO NACIONAL DO INDIO,SIAFI
210,MPI,MINISTÉRIO DOS POVOS INDÍGENAS,210,MPI,MINISTÉRIO DOS POVOS INDÍGENAS,17200,MPI,MINISTERIO DOS POVOS INDIGENAS,SIAPE
210,MPI,MINISTÉRIO DOS POVOS INDÍGENAS,21,FUNAI,FUNDAÇÃO NACIONAL DOS POVOS INDÍGENAS,30202,FUNAI,FUNDACAO NACIONAL DO INDIO,SIAPE
210,MPI,MINISTÉRIO DOS POVOS INDÍGENAS,210,MPI,MINISTÉRIO DOS POVOS INDÍGENAS,210,MPI,Ministério dos Povos Indígenas,SIORG
210,MPI,MINISTÉRIO DOS POVOS INDÍGENAS,21,FUNAI,FUNDAÇÃO NACIONAL DOS POVOS INDÍGENAS,21,FUNAI,Fundação Nacional dos Povos Indígenas,SIORG
200,MPO,MINISTÉRIO DO PLANEJAMENTO E ORÇAMENTO,3,IPEA,INSTITUTO DE PESQUISA ECONÔMICA APLICADA,61201,IPEA,INSTITUTO DE PESQUISA ECONOMICA APLICADA,SIAFI
200,MPO,MINISTÉRIO DO PLANEJAMENTO E ORÇAMENTO,3,IPEA,INSTITUTO DE PESQUISA ECONÔMICA APLICADA,25206,IPEA,INSTITUTO DE PESQUISA ECONOMICA APLICADA,SIAFI
200,MPO,MINISTÉRIO DO PLANEJAMENTO E ORÇAMENTO,2,IBGE,FUNDAÇÃO INSTITUTO BRASILEIRO DE GEOGRAFIA E ESTATÍSTICA,25205,IBGE,FUND.INST.BRASILEIRO DE GEOG.E ESTATISTICA,SIAFI
200,MPO,MINISTÉRIO DO PLANEJAMENTO E ORÇAMENTO,200,MPO,MINISTÉRIO DO PLANEJAMENTO E ORÇAMENTO,17300,MP,MINISTERIO DO PLANEJAMENTO E ORCAMENTO,SIAPE
200,MPO,MINISTÉRIO DO PLANEJAMENTO E ORÇAMENTO,3,IPEA,INSTITUTO DE PESQUISA ECONÔMICA APLICADA,45206,IPEA,INSTITUTO DE PESQUISA ECONOMICA APLICADA,SIAPE
200,MPO,MINISTÉRIO DO PLANEJAMENTO E ORÇAMENTO,2,IBGE,FUNDAÇÃO INSTITUTO BRASILEIRO DE GEOGRAFIA E ESTATÍSTICA,45205,IBGE,FUND. INST. BRASIL. GEOG. E ESTATISTICA,SIAPE
200,MPO,MINISTÉRIO DO PLANEJAMENTO E ORÇAMENTO,200,MPO,MINISTÉRIO DO PLANEJAMENTO E ORÇAMENTO,200,MPO,Ministério do Planejamento e Orçamento,SIORG
200,MPO,MINISTÉRIO DO PLANEJAMENTO E ORÇAMENTO,2,IBGE,FUNDAÇÃO INSTITUTO BRASILEIRO DE GEOGRAFIA E ESTATÍSTICA,2,IBGE,Fundação Instituto Brasileiro de Geografia e Estatística,SIORG
200,MPO,MINISTÉRIO DO PLANEJAMENTO E ORÇAMENTO,3,IPEA,INSTITUTO DE PESQUISA ECONÔMICA APLICADA,3,IPEA,Instituto de Pesquisa Econômica Aplicada,SIORG
204,MPOR,MINISTÉRIO DE PORTOS E AEROPORTOS,159,ANTAQ,AGÊNCIA NACIONAL DE TRANSPORTES AQUAVIÁRIOS,68201,ANTAQ,AGENCIA NACIONAL DE TRANSPORTES AQUAVIARIOS,SIAFI
204,MPOR,MINISTÉRIO DE PORTOS E AEROPORTOS,161,ANAC,AGÊNCIA NACIONAL DE AVIAÇÃO CIVIL,52201,ANAC,AGENCIA NACIONAL DE AVIACAO CIVIL,SIAFI
204,MPOR,MINISTÉRIO DE PORTOS E AEROPORTOS,161,ANAC,AGÊNCIA NACIONAL DE AVIAÇÃO CIVIL,20214,ANAC,AGENCIA NACIONAL DE AVIACAO CIVIL,SIAFI
204,MPOR,MINISTÉRIO DE PORTOS E AEROPORTOS,159,ANTAQ,AGÊNCIA NACIONAL DE TRANSPORTES AQUAVIÁRIOS,39251,ANTAQ,AGENCIA NACIONAL DE TRANSPORTES AQUAVIARIOS,SIAFI
204,MPOR,MINISTÉRIO DE PORTOS E AEROPORTOS,159,ANTAQ,AGÊNCIA NACIONAL DE TRANSPORTES AQUAVIÁRIOS,39251,ANTAQ,ANTAQ,SIAPE
204,MPOR,MINISTÉRIO DE PORTOS E AEROPORTOS,204,MPOR,MINISTÉRIO DE PORTOS E AEROPORTOS,49100,MPOR,MINISTERIO DE PORTOS E AEROPORTOS,SIAPE
204,MPOR,MINISTÉRIO DE PORTOS E AEROPORTOS,161,ANAC,AGÊNCIA NACIONAL DE AVIAÇÃO CIVIL,52201,ANAC,ANAC,SIAPE
204,MPOR,MINISTÉRIO DE PORTOS E AEROPORTOS,159,ANTAQ,AGÊNCIA NACIONAL DE TRANSPORTES AQUAVIÁRIOS,159,ANTAQ,Agência Nacional de Transportes Aquaviários,SIORG
204,MPOR,MINISTÉRIO DE PORTOS E AEROPORTOS,204,MPOR,MINISTÉRIO DE PORTOS E AEROPORTOS,204,MPOR,Ministério de Portos e Aeroportos,SIORG
204,MPOR,MINISTÉRIO DE PORTOS E AEROPORTOS,161,ANAC,AGÊNCIA NACIONAL DE AVIAÇÃO CIVIL,161,ANAC,Agência Nacional de Aviação Civil,SIORG
206,MPS,MINISTÉRIO DA PREVIDÊNCIA SOCIAL,97,INSS,INSTITUTO NACIONAL DO SEGURO SOCIAL,37202,INSS,INSTITUTO NACIONAL DO SEGURO SOCIAL,SIAFI
206,MPS,MINISTÉRIO DA PREVIDÊNCIA SOCIAL,155,PREVIC,SUPERINTENDÊNCIA NACIONAL DE PREVIDÊNCIA COMPLEMENTAR,33206,PREVIC,SUPERINT.NACIONAL DE PREVIDENCIA COMPLEMENTAR,SIAFI
206,MPS,MINISTÉRIO DA PREVIDÊNCIA SOCIAL,206,MPS,MINISTÉRIO DA PREVIDÊNCIA SOCIAL,33000,MPS,MINISTERIO DA PREVIDENCIA SOCIAL,SIAFI
206,MPS,MINISTÉRIO DA PREVIDÊNCIA SOCIAL,206,MPS,MINISTÉRIO DA PREVIDÊNCIA SOCIAL,33100,MPS,MINISTERIO DA PREVIDENCIA SOCIAL,SIAPE
206,MPS,MINISTÉRIO DA PREVIDÊNCIA SOCIAL,97,INSS,INSTITUTO NACIONAL DO SEGURO SOCIAL,57202,INSS,INSTITUTO NACIONAL DE SEGURO SOCIAL,SIAPE
206,MPS,MINISTÉRIO DA PREVIDÊNCIA SOCIAL,155,PREVIC,SUPERINTENDÊNCIA NACIONAL DE PREVIDÊNCIA COMPLEMENTAR,33206,PREVIC,PREVIC,SIAPE
206,MPS,MINISTÉRIO DA PREVIDÊNCIA SOCIAL,206,MPS,MINISTÉRIO DA PREVIDÊNCIA SOCIAL,206,MPS,Ministério da Previdência Social,SIORG
206,MPS,MINISTÉRIO DA PREVIDÊNCIA SOCIAL,97,INSS,INSTITUTO NACIONAL DO SEGURO SOCIAL,97,INSS,Instituto Nacional do Seguro Social,SIORG
206,MPS,MINISTÉRIO DA PREVIDÊNCIA SOCIAL,155,PREVIC,SUPERINTENDÊNCIA NACIONAL DE PREVIDÊNCIA COMPLEMENTAR,155,PREVIC,Superintendência Nacional de Previdência Complementar,SIORG
18,MRE,MINISTÉRIO DAS RELAÇÕES EXTERIORES,25,FUNAG,FUNDAÇÃO ALEXANDRE DE GUSMÃO,35201,FUNAG,FUNDACAO ALEXANDRE DE GUSMAO,SIAFI
18,MRE,MINISTÉRIO DAS RELAÇÕES EXTERIORES,18,MRE,MINISTÉRIO DAS RELAÇÕES EXTERIORES,35000,MRE,MINISTERIO DAS RELACOES EXTERIORES,SIAPE
18,MRE,MINISTÉRIO DAS RELAÇÕES EXTERIORES,25,FUNAG,FUNDAÇÃO ALEXANDRE DE GUSMÃO,35201,FAG,FUNDACAO ALEXANDRE DE GUSMAO,SIAPE
18,MRE,MINISTÉRIO DAS RELAÇÕES EXTERIORES,18,MRE,MINISTÉRIO DAS RELAÇÕES EXTERIORES,18,MRE,Ministério das Relações Exteriores,SIORG
18,MRE,MINISTÉRIO DAS RELAÇÕES EXTERIORES,25,FUNAG,FUNDAÇÃO ALEXANDRE DE GUSMÃO,25,FUNAG,Fundação Alexandre de Gusmão,SIORG
26,MS,MINISTÉRIO DA SAÚDE,27,FIOCRUZ,FUNDAÇÃO OSWALDO CRUZ,36201,FIOCRUZ,FUNDACAO OSWALDO CRUZ,SIAFI
26,MS,MINISTÉRIO DA SAÚDE,135,ANS,AGÊNCIA NACIONAL DE SAÚDE SUPLEMENTAR,36213,ANS,AGENCIA NACIONAL DE SAUDE SUPLEMENTAR,SIAFI
26,MS,MINISTÉRIO DA SAÚDE,26,MS,MINISTÉRIO DA SAÚDE,25000,MS,MINISTERIO DA SAUDE,SIAPE
26,MS,MINISTÉRIO DA SAÚDE,27,FIOCRUZ,FUNDAÇÃO OSWALDO CRUZ,36201,FIOCRUZ,FUNDACAO OSWALDO CRUZ,SIAPE
26,MS,MINISTÉRIO DA SAÚDE,127,ANVISA,AGÊNCIA NACIONAL DE VIGILÂNCIA SANITÁRIA,36207,ANVS,AGENCIA NACIONAL DE VIGILANCIA SANITARIA,SIAPE
26,MS,MINISTÉRIO DA SAÚDE,135,ANS,AGÊNCIA NACIONAL DE SAÚDE SUPLEMENTAR,36208,ANS,ANS,SIAPE
26,MS,MINISTÉRIO DA SAÚDE,106,FUNASA,FUNDAÇÃO NACIONAL DE SAÚDE,36205,FUNASA,FUNDACAO NACIONAL DE SAUDE,SIAPE
26,MS,MINISTÉRIO DA SAÚDE,27,FIOCRUZ,FUNDAÇÃO OSWALDO CRUZ,27,FIOCRUZ,Fundação Oswaldo Cruz,SIORG
26,MS,MINISTÉRIO DA SAÚDE,106,FUNASA,FUNDAÇÃO NACIONAL DE SAÚDE,106,FUNASA,Fundação Nacional de Saúde,SIORG
26,MS,MINISTÉRIO DA SAÚDE,127,ANVISA,AGÊNCIA NACIONAL DE VIGILÂNCIA SANITÁRIA,127,ANVISA,Agência Nacional de Vigilância Sanitária,SIORG
26,MS,MINISTÉRIO DA SAÚDE,135,ANS,AGÊNCIA NACIONAL DE SAÚDE SUPLEMENTAR,135,ANS,Agência Nacional de Saúde Suplementar,SIORG
26,MS,MINISTÉRIO DA SAÚDE,26,MS,MINISTÉRIO DA SAÚDE,26,MS,Ministério da Saúde,SIORG
205,MT,MINISTÉRIO DOS TRANSPORTES,158,ANTT,AGÊNCIA NACIONAL DE TRANSPORTES TERRESTRES,39250,ANTT,AGENCIA NACIONAL DE TRANSPORTES TERRESTRES,SIAFI
205,MT,MINISTÉRIO DOS TRANSPORTES,160,DNIT,DEPARTAMENTO NACIONAL DE INFRAESTRUTURA DE TRANSPORTES,39252,DNIT,DEPTO. NAC. DE INFRA-ESTRUTURA DE TRANSPORTES,SIAFI
205,MT,MINISTÉRIO DOS TRANSPORTES,205,MT,MINISTÉRIO DOS TRANSPORTES,49200,MT,MINISTERIO DOS TRANSPORTES,SIAPE
205,MT,MINISTÉRIO DOS TRANSPORTES,205,MT,MINISTÉRIO DOS TRANSPORTES,49200,MTR,MINISTERIO DOS TRANSPORTES,SIAPE
205,MT,MINISTÉRIO DOS TRANSPORTES,158,ANTT,AGÊNCIA NACIONAL DE TRANSPORTES TERRESTRES,39250,ANTT,ANTT,SIAPE
205,MT,MINISTÉRIO DOS TRANSPORTES,160,DNIT,DEPARTAMENTO NACIONAL DE INFRAESTRUTURA DE TRANSPORTES,39252,DNIT,DNIT,SIAPE
205,MT,MINISTÉRIO DOS TRANSPORTES,93,VALEC,"VALEC - ENGENHARIA, CONSTRUÇÕES E FERROVIAS S.A. ",93,VALEC,"VALEC - Engenharia, Construções e Ferrovias S.A.",SIORG
205,MT,MINISTÉRIO DOS TRANSPORTES,205,MT,MINISTÉRIO DOS TRANSPORTES,205,MT,Ministério dos Transportes,SIORG
205,MT,MINISTÉRIO DOS TRANSPORTES,160,DNIT,DEPARTAMENTO NACIONAL DE INFRAESTRUTURA DE TRANSPORTES,160,DNIT,Departamento Nacional de Infraestrutura de Transportes,SIORG
205,MT,MINISTÉRIO DOS TRANSPORTES,158,ANTT,AGÊNCIA NACIONAL DE TRANSPORTES TERRESTRES,158,ANTT,Agência Nacional de Transportes Terrestres,SIORG
207,MTE,MINISTÉRIO DO TRABALHO E EMPREGO,22,FUNDACENTRO,"FUNDAÇÃO JORGE DUPRAT FIGUEIREDO, DE SEGURANÇA E MEDICINA DO TRABALHO",37201,FUNDACENTRO,FUND.JORGE D.FIGUEIREDO DE SEG.E MED DO TRAB.,SIAFI
207,MTE,MINISTÉRIO DO TRABALHO E EMPREGO,22,FUNDACENTRO,"FUNDAÇÃO JORGE DUPRAT FIGUEIREDO, DE SEGURANÇA E MEDICINA DO TRABALHO",57201,F.CENTRO,FUND.JORGE DUPRAT FIG. SEG. MED.TRABALHO,SIAPE
207,MTE,MINISTÉRIO DO TRABALHO E EMPREGO,207,MTE,MINISTÉRIO DO TRABALHO E EMPREGO,33200,MTE,MINISTERIO DO TRABALHO E EMPREGO,SIAPE
207,MTE,MINISTÉRIO DO TRABALHO E EMPREGO,22,FUNDACENTRO,"FUNDAÇÃO JORGE DUPRAT FIGUEIREDO, DE SEGURANÇA E MEDICINA DO TRABALHO",22,FUNDACENTRO,"Fundação Jorge Duprat Figueiredo, de Segurança e Medicina do Trabalho",SIORG
207,MTE,MINISTÉRIO DO TRABALHO E EMPREGO,207,MTE,MINISTÉRIO DO TRABALHO E EMPREGO,207,MTE,Ministério do Trabalho e Emprego,SIORG
177,MTUR,MINISTÉRIO DO TURISMO,177,MTUR,MINISTÉRIO DO TURISMO,54000,MTUR,MTUR,SIAPE
177,MTUR,MINISTÉRIO DO TURISMO,177,MTUR,MINISTÉRIO DO TURISMO,177,MTUR,Ministério do Turismo,SIORG
6,PR,PRESIDÊNCIA DA REPÚBLICA,89,VPR,VICE-PRESIDÊNCIA DA REPÚBLICA,20102,VPR,VICE-PRESIDENCIA DA REPUBLICA,SIAPE
6,PR,PRESIDÊNCIA DA REPÚBLICA,214,ABIN,Agência Brasileira de Inteligência,20114,ABIN,ABIN,SIAPE
6,PR,PRESIDÊNCIA DA REPÚBLICA,6,PR,PRESIDÊNCIA DA REPÚBLICA,20101,PR,PRESIDENCIA DA REPUBLICA,SIAPE
6,PR,PRESIDÊNCIA DA REPÚBLICA,6,PR,PRESIDÊNCIA DA REPÚBLICA,6,PR,Presidência da República,SIORG
6,PR,PRESIDÊNCIA DA REPÚBLICA,89,VPR,VICE-PRESIDÊNCIA DA REPÚBLICA,89,VPR,Vice-Presidência da República,SIORG
6,PR,PRESIDÊNCIA DA REPÚBLICA,214,ABIN,Agência Brasileira de Inteligência,214,ABIN,Agência Brasileira de Inteligência,SIORG
101,UFRR,FUNDAÇÃO UNIVERSIDADE FEDERAL DE RORAIMA,162,EBSERH,EMPRESA BRASILEIRA DE SERVIÇOS HOSPITALARES,26443,EBSERH,EMPRESA BRASILEIRA DE SERVICOS HOSPITALARES,SIAFI
101,UFRR,FUNDAÇÃO UNIVERSIDADE FEDERAL DE RORAIMA,162,EBSERH,EMPRESA BRASILEIRA DE SERVIÇOS HOSPITALARES,162,EBSERH,Empresa Brasileira de Serviços Hospitalares,SIORG
